timestamp,function_code,address,device_id,time_delta,label
2026-09-16 22:35:10,3,40001,2,0.0,0
2026-09-16 22:35:12,3,40001,2,2.0,0
2026-09-16 22:35:14,3,40001,2,2.0,0
2026-09-16 22:35:16,3,40001,2,2.0,0
2026-09-16 22:35:18,3,40001,2,2.0,0
2026-09-16 22:35:20,3,40001,2,2.0,0
2026-09-16 22:35:22,3,40001,2,2.0,0
2026-09-16 22:35:24,3,40001,2,2.0,0
2026-09-16 22:35:26,3,40001,2,2.0,0
2026-09-16 22:35:28,3,40001,2,2.0,0
2026-09-16 22:35:30,3,40001,2,2.0,0
2026-09-16 22:35:32,3,40001,2,2.0,0
2026-09-16 22:35:34,3,40001,2,2.0,0
2026-09-16 22:35:36,3,40001,2,2.0,0
2026-09-16 22:35:38,3,40001,2,2.0,0
2026-09-16 22:35:40,3,40001,2,2.0,0
2026-09-16 22:35:42,3,40001,2,2.0,0
2026-09-16 22:35:44,3,40001,2,2.0,0
2026-09-16 22:35:46,3,40001,2,2.0,0
2026-09-16 22:35:48,3,40001,2,2.0,0
2026-09-16 22:35:50,3,40001,2,2.0,0
2026-09-16 22:35:52,3,40001,2,2.0,0
2026-09-16 22:35:54,3,40001,2,2.0,0
2026-09-16 22:35:57,3,40001,2,3.0,0
2026-09-16 22:35:59,3,40001,2,2.0,0
2026-09-16 22:36:01,3,40001,2,2.0,0
2026-09-16 22:36:03,3,40001,2,2.0,0
2026-09-16 22:36:05,3,40001,2,2.0,0
2026-09-16 22:36:07,3,40001,2,2.0,0
2026-09-16 22:36:09,3,40001,2,2.0,0
2026-09-16 22:36:11,3,40001,2,2.0,0
2026-09-16 22:36:13,3,40001,2,2.0,0
2026-09-16 22:36:15,3,40001,2,2.0,0
2026-09-16 22:36:17,3,40001,2,2.0,0
2026-09-16 22:36:19,3,40001,2,2.0,0
2026-09-16 22:36:21,3,40001,2,2.0,0
2026-09-16 22:36:23,3,40001,2,2.0,0
2026-09-16 22:36:25,3,40001,2,2.0,0
2026-09-16 22:36:27,3,40001,2,2.0,0
2026-09-16 22:36:29,3,40001,2,2.0,0
2026-09-16 22:36:31,3,40001,2,2.0,0
2026-09-16 22:36:33,3,40001,2,2.0,0
2026-09-16 22:36:35,3,40001,2,2.0,0
2026-09-16 22:36:37,3,40001,2,2.0,0
2026-09-16 22:36:39,3,40001,2,2.0,0
2026-09-16 22:36:41,3,40001,2,2.0,0
2026-09-16 22:36:43,3,40001,2,2.0,0
2026-09-16 22:36:45,3,40001,2,2.0,0
2026-09-16 22:36:47,3,40001,2,2.0,0
2026-09-16 22:36:49,3,40001,2,2.0,0
2026-09-16 22:36:51,3,40001,2,2.0,0
2026-09-16 22:36:53,3,40001,2,2.0,0
2026-09-16 22:36:55,3,40001,2,2.0,0
2026-09-16 22:36:57,3,40001,2,2.0,0
2026-09-16 22:36:59,3,40001,2,2.0,0
2026-09-16 22:37:01,3,40001,2,2.0,0
2026-09-16 22:37:03,3,40001,2,2.0,0
2026-09-16 22:37:06,3,40001,2,3.0,0
2026-09-16 22:37:08,3,40001,2,2.0,0
2026-09-16 22:37:10,3,40001,2,2.0,0
2026-09-16 22:37:12,3,40001,2,2.0,0
2026-09-16 22:37:14,3,40001,2,2.0,0
2026-09-16 22:37:16,3,40001,2,2.0,0
2026-09-16 22:37:18,3,40001,2,2.0,0
2026-09-16 22:37:20,3,40001,2,2.0,0
2026-09-16 22:37:22,3,40001,2,2.0,0
2026-09-16 22:37:24,3,40001,2,2.0,0
2026-09-16 22:37:26,3,40001,2,2.0,0
2026-09-16 22:37:28,3,40001,2,2.0,0
2026-09-16 22:37:30,3,40001,2,2.0,0
2026-09-16 22:37:32,3,40001,2,2.0,0
2026-09-16 22:37:34,3,40001,2,2.0,0
2026-09-16 22:37:36,3,40001,2,2.0,0
2026-09-16 22:37:38,3,40001,2,2.0,0
2026-09-16 22:37:40,3,40001,2,2.0,0
2026-09-16 22:37:42,3,40001,2,2.0,0
2026-09-16 22:37:44,3,40001,2,2.0,0
2026-09-16 22:37:46,3,40001,2,2.0,0
2026-09-16 22:37:48,3,40001,2,2.0,0
2026-09-16 22:37:50,3,40001,2,2.0,0
2026-09-16 22:37:52,3,40001,2,2.0,0
2026-09-16 22:37:54,3,40001,2,2.0,0
2026-09-16 22:37:56,3,40001,2,2.0,0
2026-09-16 22:37:58,3,40001,2,2.0,0
2026-09-16 22:38:00,3,40001,2,2.0,0
2026-09-16 22:38:02,3,40001,2,2.0,0
2026-09-16 22:38:04,3,40001,2,2.0,0
2026-09-16 22:38:06,3,40001,2,2.0,0
2026-09-16 22:38:08,3,40001,2,2.0,0
2026-09-16 22:38:10,3,40001,2,2.0,0
2026-09-16 22:38:12,3,40001,2,2.0,0
2026-09-16 22:38:14,3,40001,2,2.0,0
2026-09-16 22:38:16,3,40001,2,2.0,0
2026-09-16 22:38:19,3,40001,2,3.0,0
2026-09-16 22:38:21,3,40001,2,2.0,0
2026-09-16 22:38:23,3,40001,2,2.0,0
2026-09-16 22:38:25,3,40001,2,2.0,0
2026-09-16 22:38:27,3,40001,2,2.0,0
2026-09-16 22:38:29,3,40001,2,2.0,0
2026-09-16 22:38:31,3,40001,2,2.0,0
2026-09-16 22:38:33,3,40001,2,2.0,0
2026-09-16 22:38:35,3,40001,2,2.0,0
2026-09-16 22:38:37,3,40001,2,2.0,0
2026-09-16 22:38:39,3,40001,2,2.0,0
2026-09-16 22:38:41,3,40001,2,2.0,0
2026-09-16 22:38:43,3,40001,2,2.0,0
2026-09-16 22:38:45,3,40001,2,2.0,0
2026-09-16 22:38:47,3,40001,2,2.0,0
2026-09-16 22:38:49,3,40001,2,2.0,0
2026-09-16 22:38:51,3,40001,2,2.0,0
2026-09-16 22:38:53,3,40001,2,2.0,0
2026-09-16 22:38:55,3,40001,2,2.0,0
2026-09-16 22:38:57,3,40001,2,2.0,0
2026-09-16 22:38:59,3,40001,2,2.0,0
2026-09-16 22:39:01,3,40001,2,2.0,0
2026-09-16 22:39:03,3,40001,2,2.0,0
2026-09-16 22:39:05,3,40001,2,2.0,0
2026-09-16 22:39:07,3,40001,2,2.0,0
2026-09-16 22:39:09,3,40001,2,2.0,0
2026-09-16 22:39:11,3,40001,2,2.0,0
2026-09-16 22:39:13,3,40001,2,2.0,0
2026-09-16 22:39:15,3,40001,2,2.0,0
2026-09-16 22:39:17,3,40001,2,2.0,0
2026-09-16 22:39:19,3,40001,2,2.0,0
2026-09-16 22:39:21,3,40001,2,2.0,0
2026-09-16 22:39:23,3,40001,2,2.0,0
2026-09-16 22:39:25,3,40001,2,2.0,0
2026-09-16 22:39:28,3,40001,2,3.0,0
2026-09-16 22:39:30,3,40001,2,2.0,0
2026-09-16 22:39:32,3,40001,2,2.0,0
2026-09-16 22:39:34,3,40001,2,2.0,0
2026-09-16 22:39:36,3,40001,2,2.0,0
2026-09-16 22:39:38,3,40001,2,2.0,0
2026-09-16 22:39:40,3,40001,2,2.0,0
2026-09-16 22:39:42,3,40001,2,2.0,0
2026-09-16 22:39:44,3,40001,2,2.0,0
2026-09-16 22:39:46,3,40001,2,2.0,0
2026-09-16 22:39:48,3,40001,2,2.0,0
2026-09-16 22:39:50,3,40001,2,2.0,0
2026-09-16 22:39:52,3,40001,2,2.0,0
2026-09-16 22:39:54,3,40001,2,2.0,0
2026-09-16 22:39:56,3,40001,2,2.0,0
2026-09-16 22:39:58,3,40001,2,2.0,0
2026-09-16 22:40:00,3,40001,2,2.0,0
2026-09-16 22:40:02,3,40001,2,2.0,0
2026-09-16 22:40:04,3,40001,2,2.0,0
2026-09-16 22:40:06,3,40001,2,2.0,0
2026-09-16 22:40:08,3,40001,2,2.0,0
2026-09-16 22:40:10,3,40001,2,2.0,0
2026-09-16 22:40:12,3,40001,2,2.0,0
2026-09-16 22:40:14,3,40001,2,2.0,0
2026-09-16 22:40:16,3,40001,2,2.0,0
2026-09-16 22:40:18,3,40001,2,2.0,0
2026-09-16 22:40:20,3,40001,2,2.0,0
2026-09-16 22:40:22,3,40001,2,2.0,0
2026-09-16 22:40:24,3,40001,2,2.0,0
2026-09-16 22:40:26,3,40001,2,2.0,0
2026-09-16 22:40:28,3,40001,2,2.0,0
2026-09-16 22:40:30,3,40001,2,2.0,0
2026-09-16 22:40:32,3,40001,2,2.0,0
2026-09-16 22:40:34,3,40001,2,2.0,0
2026-09-16 22:40:36,3,40001,2,2.0,0
2026-09-16 22:40:38,3,40001,2,2.0,0
2026-09-16 22:40:40,3,40001,2,2.0,0
2026-09-16 22:40:42,3,40001,2,2.0,0
2026-09-16 22:40:44,3,40001,2,2.0,0
2026-09-16 22:40:46,3,40001,2,2.0,0
2026-09-16 22:40:49,3,40001,2,3.0,0
2026-09-16 22:40:51,3,40001,2,2.0,0
2026-09-16 22:40:53,3,40001,2,2.0,0
2026-09-16 22:40:55,3,40001,2,2.0,0
2026-09-16 22:40:57,3,40001,2,2.0,0
2026-09-16 22:40:59,3,40001,2,2.0,0
2026-09-16 22:41:01,3,40001,2,2.0,0
2026-09-16 22:41:03,3,40001,2,2.0,0
2026-09-16 22:41:05,3,40001,2,2.0,0
2026-09-16 22:41:07,3,40001,2,2.0,0
2026-09-16 22:41:09,3,40001,2,2.0,0
2026-09-16 22:41:11,3,40001,2,2.0,0
2026-09-16 22:41:14,3,40001,2,3.0,0
2026-09-16 22:41:16,3,40001,2,2.0,0
2026-09-16 22:41:18,3,40001,2,2.0,0
2026-09-16 22:41:20,3,40001,2,2.0,0
2026-09-16 22:41:22,3,40001,2,2.0,0
2026-09-16 22:41:24,3,40001,2,2.0,0
2026-09-16 22:41:26,3,40001,2,2.0,0
2026-09-16 22:41:28,3,40001,2,2.0,0
2026-09-16 22:41:30,3,40001,2,2.0,0
2026-09-16 22:41:32,3,40001,2,2.0,0
2026-09-16 22:41:34,3,40001,2,2.0,0
2026-09-16 22:41:36,3,40001,2,2.0,0
2026-09-16 22:41:38,3,40001,2,2.0,0
2026-09-16 22:41:40,3,40001,2,2.0,0
2026-09-16 22:41:42,3,40001,2,2.0,0
2026-09-16 22:41:44,3,40001,2,2.0,0
2026-09-16 22:41:46,3,40001,2,2.0,0
2026-09-16 22:41:48,3,40001,2,2.0,0
2026-09-16 22:41:50,3,40001,2,2.0,0
2026-09-16 22:41:52,3,40001,2,2.0,0
2026-09-16 22:41:54,3,40001,2,2.0,0
2026-09-16 22:41:56,3,40001,2,2.0,0
2026-09-16 22:41:58,3,40001,2,2.0,0
2026-09-16 22:42:00,3,40001,2,2.0,0
2026-09-16 22:42:02,3,40001,2,2.0,0
2026-09-16 22:42:04,3,40001,2,2.0,0
2026-09-16 22:42:06,3,40001,2,2.0,0
2026-09-16 22:42:08,3,40001,2,2.0,0
2026-09-16 22:42:10,3,40001,2,2.0,0
2026-09-16 22:42:12,3,40001,2,2.0,0
2026-09-16 22:42:14,3,40001,2,2.0,0
2026-09-16 22:42:16,3,40001,2,2.0,0
2026-09-16 22:42:18,3,40001,2,2.0,0
2026-09-16 22:42:20,3,40001,2,2.0,0
2026-09-16 22:42:22,3,40001,2,2.0,0
2026-09-16 22:42:24,3,40001,2,2.0,0
2026-09-16 22:42:26,3,40001,2,2.0,0
2026-09-16 22:42:28,3,40001,2,2.0,0
2026-09-16 22:42:30,3,40001,2,2.0,0
2026-09-16 22:42:32,3,40001,2,2.0,0
2026-09-16 22:42:34,3,40001,2,2.0,0
2026-09-16 22:42:36,3,40001,2,2.0,0
2026-09-16 22:42:38,3,40001,2,2.0,0
2026-09-16 22:42:40,3,40001,2,2.0,0
2026-09-16 22:42:42,3,40001,2,2.0,0
2026-09-16 22:42:44,3,40001,2,2.0,0
2026-09-16 22:42:46,3,40001,2,2.0,0
2026-09-16 22:42:48,3,40001,2,2.0,0
2026-09-16 22:42:50,3,40001,2,2.0,0
2026-09-16 22:42:53,3,40001,2,3.0,0
2026-09-16 22:42:55,3,40001,2,2.0,0
2026-09-16 22:42:57,3,40001,2,2.0,0
2026-09-16 22:42:59,3,40001,2,2.0,0
2026-09-16 22:43:01,3,40001,2,2.0,0
2026-09-16 22:43:03,3,40001,2,2.0,0
2026-09-16 22:43:05,3,40001,2,2.0,0
2026-09-16 22:43:07,3,40001,2,2.0,0
2026-09-16 22:43:09,3,40001,2,2.0,0
2026-09-16 22:43:11,3,40001,2,2.0,0
2026-09-16 22:43:13,3,40001,2,2.0,0
2026-09-16 22:43:15,3,40001,2,2.0,0
2026-09-16 22:43:17,3,40001,2,2.0,0
2026-09-16 22:43:19,3,40001,2,2.0,0
2026-09-16 22:43:21,3,40001,2,2.0,0
2026-09-16 22:43:23,3,40001,2,2.0,0
2026-09-16 22:43:25,3,40001,2,2.0,0
2026-09-16 22:43:27,3,40001,2,2.0,0
2026-09-16 22:43:29,3,40001,2,2.0,0
2026-09-16 22:43:31,3,40001,2,2.0,0
2026-09-16 22:43:33,3,40001,2,2.0,0
2026-09-16 22:43:35,3,40001,2,2.0,0
2026-09-16 22:43:37,3,40001,2,2.0,0
2026-09-16 22:43:39,3,40001,2,2.0,0
2026-09-16 22:43:41,3,40001,2,2.0,0
2026-09-16 22:43:43,3,40001,2,2.0,0
2026-09-16 22:43:45,3,40001,2,2.0,0
2026-09-16 22:43:47,3,40001,2,2.0,0
2026-09-16 22:43:49,3,40001,2,2.0,0
2026-09-16 22:43:51,3,40001,2,2.0,0
2026-09-16 22:43:53,3,40001,2,2.0,0
2026-09-16 22:43:55,3,40001,2,2.0,0
2026-09-16 22:43:57,3,40001,2,2.0,0
2026-09-16 22:43:59,3,40001,2,2.0,0
2026-09-16 22:44:01,3,40001,2,2.0,0
2026-09-16 22:44:03,3,40001,2,2.0,0
2026-09-16 22:44:05,3,40001,2,2.0,0
2026-09-16 22:44:07,3,40001,2,2.0,0
2026-09-16 22:44:09,3,40001,2,2.0,0
2026-09-16 22:44:11,3,40001,2,2.0,0
2026-09-16 22:44:13,3,40001,2,2.0,0
2026-09-16 22:44:15,3,40001,2,2.0,0
2026-09-16 22:44:18,3,40001,2,3.0,0
2026-09-16 22:44:20,3,40001,2,2.0,0
2026-09-16 22:44:22,3,40001,2,2.0,0
2026-09-16 22:44:24,3,40001,2,2.0,0
2026-09-16 22:44:26,3,40001,2,2.0,0
2026-09-16 22:44:28,3,40001,2,2.0,0
2026-09-16 22:44:30,3,40001,2,2.0,0
2026-09-16 22:44:32,3,40001,2,2.0,0
2026-09-16 22:44:34,3,40001,2,2.0,0
2026-09-16 22:44:36,3,40001,2,2.0,0
2026-09-16 22:44:38,3,40001,2,2.0,0
2026-09-16 22:44:40,3,40001,2,2.0,0
2026-09-16 22:44:42,3,40001,2,2.0,0
2026-09-16 22:44:44,3,40001,2,2.0,0
2026-09-16 22:44:46,3,40001,2,2.0,0
2026-09-16 22:44:48,3,40001,2,2.0,0
2026-09-16 22:44:50,3,40001,2,2.0,0
2026-09-16 22:44:52,3,40001,2,2.0,0
2026-09-16 22:44:54,3,40001,2,2.0,0
2026-09-16 22:44:56,3,40001,2,2.0,0
2026-09-16 22:44:58,3,40001,2,2.0,0
2026-09-16 22:45:00,3,40001,2,2.0,0
2026-09-16 22:45:02,3,40001,2,2.0,0
2026-09-16 22:45:04,3,40001,2,2.0,0
2026-09-16 22:45:06,3,40001,2,2.0,0
2026-09-16 22:45:08,3,40001,2,2.0,0
2026-09-16 22:45:10,3,40001,2,2.0,0
2026-09-16 22:45:12,3,40001,2,2.0,0
2026-09-16 22:45:14,3,40001,2,2.0,0
2026-09-16 22:45:16,3,40001,2,2.0,0
2026-09-16 22:45:18,3,40001,2,2.0,0
2026-09-16 22:45:20,3,40001,2,2.0,0
2026-09-16 22:45:22,3,40001,2,2.0,0
2026-09-16 22:45:24,3,40001,2,2.0,0
2026-09-16 22:45:26,3,40001,2,2.0,0
2026-09-16 22:45:28,3,40001,2,2.0,0
2026-09-16 22:45:30,3,40001,2,2.0,0
2026-09-16 22:45:32,3,40001,2,2.0,0
2026-09-16 22:45:35,3,40001,2,3.0,0
2026-09-16 22:45:37,3,40001,2,2.0,0
2026-09-16 22:45:39,3,40001,2,2.0,0
2026-09-16 22:45:41,3,40001,2,2.0,0
2026-09-16 22:45:43,3,40001,2,2.0,0
2026-09-16 22:45:45,3,40001,2,2.0,0
2026-09-16 22:45:47,3,40001,2,2.0,0
2026-09-16 22:45:49,3,40001,2,2.0,0
2026-09-16 22:45:51,3,40001,2,2.0,0
2026-09-16 22:45:53,3,40001,2,2.0,0
2026-09-16 22:45:55,3,40001,2,2.0,0
2026-09-16 22:45:57,3,40001,2,2.0,0
2026-09-16 22:45:59,3,40001,2,2.0,0
2026-09-16 22:46:01,3,40001,2,2.0,0
2026-09-16 22:46:03,3,40001,2,2.0,0
2026-09-16 22:46:05,3,40001,2,2.0,0
2026-09-16 22:46:07,3,40001,2,2.0,0
2026-09-16 22:46:09,3,40001,2,2.0,0
2026-09-16 22:46:11,3,40001,2,2.0,0
2026-09-16 22:46:13,3,40001,2,2.0,0
2026-09-16 22:46:15,3,40001,2,2.0,0
2026-09-16 22:46:17,3,40001,2,2.0,0
2026-09-16 22:46:19,3,40001,2,2.0,0
2026-09-16 22:46:21,3,40001,2,2.0,0
2026-09-16 22:46:23,3,40001,2,2.0,0
2026-09-16 22:46:25,3,40001,2,2.0,0
2026-09-16 22:46:27,3,40001,2,2.0,0
2026-09-16 22:46:29,3,40001,2,2.0,0
2026-09-16 22:46:31,3,40001,2,2.0,0
2026-09-16 22:46:33,3,40001,2,2.0,0
2026-09-16 22:46:35,3,40001,2,2.0,0
2026-09-16 22:46:37,3,40001,2,2.0,0
2026-09-16 22:46:39,3,40001,2,2.0,0
2026-09-16 22:46:41,3,40001,2,2.0,0
2026-09-16 22:46:43,3,40001,2,2.0,0
2026-09-16 22:46:45,3,40001,2,2.0,0
2026-09-16 22:46:47,3,40001,2,2.0,0
2026-09-16 22:46:50,3,40001,2,3.0,0
2026-09-16 22:46:52,3,40001,2,2.0,0
2026-09-16 22:46:54,3,40001,2,2.0,0
2026-09-16 22:46:56,3,40001,2,2.0,0
2026-09-16 22:46:58,3,40001,2,2.0,0
2026-09-16 22:47:00,3,40001,2,2.0,0
2026-09-16 22:47:02,3,40001,2,2.0,0
2026-09-16 22:47:04,3,40001,2,2.0,0
2026-09-16 22:47:06,3,40001,2,2.0,0
2026-09-16 22:47:08,3,40001,2,2.0,0
2026-09-16 22:47:10,3,40001,2,2.0,0
2026-09-16 22:47:12,3,40001,2,2.0,0
2026-09-16 22:47:14,3,40001,2,2.0,0
2026-09-16 22:47:16,3,40001,2,2.0,0
2026-09-16 22:47:18,3,40001,2,2.0,0
2026-09-16 22:47:20,3,40001,2,2.0,0
2026-09-16 22:47:22,3,40001,2,2.0,0
2026-09-16 22:47:24,3,40001,2,2.0,0
2026-09-16 22:47:26,3,40001,2,2.0,0
2026-09-16 22:47:28,3,40001,2,2.0,0
2026-09-16 22:47:30,3,40001,2,2.0,0
2026-09-16 22:47:32,3,40001,2,2.0,0
2026-09-16 22:47:34,3,40001,2,2.0,0
2026-09-16 22:47:36,3,40001,2,2.0,0
2026-09-16 22:47:38,3,40001,2,2.0,0
2026-09-16 22:47:40,3,40001,2,2.0,0
2026-09-16 22:47:42,3,40001,2,2.0,0
2026-09-16 22:47:44,3,40001,2,2.0,0
2026-09-16 22:47:46,3,40001,2,2.0,0
2026-09-16 22:47:48,3,40001,2,2.0,0
2026-09-16 22:47:50,3,40001,2,2.0,0
2026-09-16 22:47:52,3,40001,2,2.0,0
2026-09-16 22:47:54,3,40001,2,2.0,0
2026-09-16 22:47:56,3,40001,2,2.0,0
2026-09-16 22:47:58,3,40001,2,2.0,0
2026-09-16 22:48:01,3,40001,2,3.0,0
2026-09-16 22:48:03,3,40001,2,2.0,0
2026-09-16 22:48:05,3,40001,2,2.0,0
2026-09-16 22:48:07,3,40001,2,2.0,0
2026-09-16 22:48:09,3,40001,2,2.0,0
2026-09-16 22:48:11,3,40001,2,2.0,0
2026-09-16 22:48:13,3,40001,2,2.0,0
2026-09-16 22:48:15,3,40001,2,2.0,0
2026-09-16 22:48:17,3,40001,2,2.0,0
2026-09-16 22:48:19,3,40001,2,2.0,0
2026-09-16 22:48:21,3,40001,2,2.0,0
2026-09-16 22:48:23,3,40001,2,2.0,0
2026-09-16 22:48:25,3,40001,2,2.0,0
2026-09-16 22:48:27,3,40001,2,2.0,0
2026-09-16 22:48:29,3,40001,2,2.0,0
2026-09-16 22:48:31,3,40001,2,2.0,0
2026-09-16 22:48:33,3,40001,2,2.0,0
2026-09-16 22:48:35,3,40001,2,2.0,0
2026-09-16 22:48:37,3,40001,2,2.0,0
2026-09-16 22:48:39,3,40001,2,2.0,0
2026-09-16 22:48:41,3,40001,2,2.0,0
2026-09-16 22:48:43,3,40001,2,2.0,0
2026-09-16 22:48:45,3,40001,2,2.0,0
2026-09-16 22:48:47,3,40001,2,2.0,0
2026-09-16 22:48:49,3,40001,2,2.0,0
2026-09-16 22:48:51,3,40001,2,2.0,0
2026-09-16 22:48:53,3,40001,2,2.0,0
2026-09-16 22:48:55,3,40001,2,2.0,0
2026-09-16 22:48:57,3,40001,2,2.0,0
2026-09-16 22:48:59,3,40001,2,2.0,0
2026-09-16 22:49:01,3,40001,2,2.0,0
2026-09-16 22:49:03,3,40001,2,2.0,0
2026-09-16 22:49:05,3,40001,2,2.0,0
2026-09-16 22:49:07,3,40001,2,2.0,0
2026-09-16 22:49:09,3,40001,2,2.0,0
2026-09-16 22:49:11,3,40001,2,2.0,0
2026-09-16 22:49:14,3,40001,2,3.0,0
2026-09-16 22:49:16,3,40001,2,2.0,0
2026-09-16 22:49:18,3,40001,2,2.0,0
2026-09-16 22:49:20,3,40001,2,2.0,0
2026-09-16 22:49:22,3,40001,2,2.0,0
2026-09-16 22:49:24,3,40001,2,2.0,0
2026-09-16 22:49:26,3,40001,2,2.0,0
2026-09-16 22:49:28,3,40001,2,2.0,0
2026-09-16 22:49:30,3,40001,2,2.0,0
2026-09-16 22:49:32,3,40001,2,2.0,0
2026-09-16 22:49:34,3,40001,2,2.0,0
2026-09-16 22:49:36,3,40001,2,2.0,0
2026-09-16 22:49:38,3,40001,2,2.0,0
2026-09-16 22:49:40,3,40001,2,2.0,0
2026-09-16 22:49:42,3,40001,2,2.0,0
2026-09-16 22:49:44,3,40001,2,2.0,0
2026-09-16 22:49:46,3,40001,2,2.0,0
2026-09-16 22:49:48,3,40001,2,2.0,0
2026-09-16 22:49:50,3,40001,2,2.0,0
2026-09-16 22:49:52,3,40001,2,2.0,0
2026-09-16 22:49:54,3,40001,2,2.0,0
2026-09-16 22:49:56,3,40001,2,2.0,0
2026-09-16 22:49:58,3,40001,2,2.0,0
2026-09-16 22:50:00,3,40001,2,2.0,0
2026-09-16 22:50:02,3,40001,2,2.0,0
2026-09-16 22:50:04,3,40001,2,2.0,0
2026-09-16 22:50:06,3,40001,2,2.0,0
2026-09-16 22:50:08,3,40001,2,2.0,0
2026-09-16 22:50:10,3,40001,2,2.0,0
2026-09-16 22:50:12,3,40001,2,2.0,0
2026-09-16 22:50:14,3,40001,2,2.0,0
2026-09-16 22:50:16,3,40001,2,2.0,0
2026-09-16 22:50:18,3,40001,2,2.0,0
2026-09-16 22:50:21,3,40001,2,3.0,0
2026-09-16 22:50:23,3,40001,2,2.0,0
2026-09-16 22:50:25,3,40001,2,2.0,0
2026-09-16 22:50:27,3,40001,2,2.0,0
2026-09-16 22:50:29,3,40001,2,2.0,0
2026-09-16 22:50:31,3,40001,2,2.0,0
2026-09-16 22:50:33,3,40001,2,2.0,0
2026-09-16 22:50:35,3,40001,2,2.0,0
2026-09-16 22:50:37,3,40001,2,2.0,0
2026-09-16 22:50:39,3,40001,2,2.0,0
2026-09-16 22:50:41,3,40001,2,2.0,0
2026-09-16 22:50:43,3,40001,2,2.0,0
2026-09-16 22:50:45,3,40001,2,2.0,0
2026-09-16 22:50:47,3,40001,2,2.0,0
2026-09-16 22:50:49,3,40001,2,2.0,0
2026-09-16 22:50:51,3,40001,2,2.0,0
2026-09-16 22:50:53,3,40001,2,2.0,0
2026-09-16 22:50:55,3,40001,2,2.0,0
2026-09-16 22:50:57,3,40001,2,2.0,0
2026-09-16 22:50:59,3,40001,2,2.0,0
2026-09-16 22:51:01,3,40001,2,2.0,0
2026-09-16 22:51:03,3,40001,2,2.0,0
2026-09-16 22:51:05,3,40001,2,2.0,0
2026-09-16 22:51:07,3,40001,2,2.0,0
2026-09-16 22:51:09,3,40001,2,2.0,0
2026-09-16 22:51:11,3,40001,2,2.0,0
2026-09-16 22:51:13,3,40001,2,2.0,0
2026-09-16 22:51:15,3,40001,2,2.0,0
2026-09-16 22:51:17,3,40001,2,2.0,0
2026-09-16 22:51:19,3,40001,2,2.0,0
2026-09-16 22:51:21,3,40001,2,2.0,0
2026-09-16 22:51:23,3,40001,2,2.0,0
2026-09-16 22:51:25,3,40001,2,2.0,0
2026-09-16 22:51:27,3,40001,2,2.0,0
2026-09-16 22:51:29,3,40001,2,2.0,0
2026-09-16 22:51:31,3,40001,2,2.0,0
2026-09-16 22:51:34,3,40001,2,3.0,0
2026-09-16 22:51:36,3,40001,2,2.0,0
2026-09-16 22:51:38,3,40001,2,2.0,0
2026-09-16 22:51:40,3,40001,2,2.0,0
2026-09-16 22:51:42,3,40001,2,2.0,0
2026-09-16 22:51:44,3,40001,2,2.0,0
2026-09-16 22:51:46,3,40001,2,2.0,0
2026-09-16 22:51:48,3,40001,2,2.0,0
2026-09-16 22:51:50,3,40001,2,2.0,0
2026-09-16 22:51:52,3,40001,2,2.0,0
2026-09-16 22:51:54,3,40001,2,2.0,0
2026-09-16 22:51:56,3,40001,2,2.0,0
2026-09-16 22:51:58,3,40001,2,2.0,0
2026-09-16 22:52:00,3,40001,2,2.0,0
2026-09-16 22:52:02,3,40001,2,2.0,0
2026-09-16 22:57:39,3,40001,2,2.0,0
2026-09-16 22:57:41,3,40001,2,2.0,0
2026-09-16 22:57:43,3,40001,2,2.0,0
2026-09-16 22:57:45,3,40001,2,2.0,0
2026-09-16 22:57:47,3,40001,2,2.0,0
2026-09-16 22:57:49,3,40001,2,2.0,0
2026-09-16 22:57:51,3,40001,2,2.0,0
2026-09-16 22:57:53,3,40001,2,2.0,0
2026-08-12 05:45:52,6,40001,2,0.0,1
2026-08-12 05:45:52,6,40001,2,0.0,1
2026-08-12 05:45:53,6,40001,2,1.0,1
2026-08-12 05:45:53,6,40001,2,0.0,1
2026-08-12 05:45:54,6,40001,2,1.0,1
2026-08-12 05:45:54,6,40001,2,0.0,1
2026-08-12 05:45:55,6,40001,2,1.0,1
2026-08-12 05:45:55,6,40001,2,0.0,1
2026-08-12 05:45:56,6,40001,2,1.0,1
2026-08-12 05:45:56,6,40001,2,0.0,1
2026-08-12 05:45:57,6,40001,2,1.0,1
2026-08-12 05:45:57,6,40001,2,0.0,1
2026-08-12 05:45:58,6,40001,2,1.0,1
2026-08-12 05:45:58,6,40001,2,0.0,1
2026-08-12 05:45:59,6,40001,2,1.0,1
2026-08-12 05:45:59,6,40001,2,0.0,1
2026-08-12 05:46:00,6,40001,2,1.0,1
2026-08-12 05:46:00,6,40001,2,0.0,1
2026-08-12 05:46:01,6,40001,2,1.0,1
2026-08-12 05:46:01,6,40001,2,0.0,1
2026-08-12 05:46:02,6,40001,2,1.0,1
2026-08-12 05:46:02,6,40001,2,0.0,1
2026-08-12 05:46:03,6,40001,2,1.0,1
2026-08-12 05:46:03,6,40001,2,0.0,1
2026-08-12 05:46:04,6,40001,2,1.0,1
2026-08-12 05:46:04,6,40001,2,0.0,1
2026-08-12 05:46:05,6,40001,2,1.0,1
2026-08-12 05:46:05,6,40001,2,0.0,1
2026-08-12 05:46:06,6,40001,2,1.0,1
2026-08-12 05:46:06,6,40001,2,0.0,1
2026-08-12 05:46:07,6,40001,2,1.0,1
2026-08-12 05:46:07,6,40001,2,0.0,1
2026-08-12 05:46:08,6,40001,2,1.0,1
2026-08-12 05:46:08,6,40001,2,0.0,1
2026-08-12 05:46:09,6,40001,2,1.0,1
2026-08-12 05:46:09,6,40001,2,0.0,1
2026-08-12 05:46:10,6,40001,2,1.0,1
2026-08-12 05:46:10,6,40001,2,0.0,1
2026-08-12 05:46:11,6,40001,2,1.0,1
2026-08-12 05:46:11,6,40001,2,0.0,1
2026-08-12 05:46:12,6,40001,2,1.0,1
2026-08-12 05:46:12,6,40001,2,0.0,1
2026-08-12 05:46:13,6,40001,2,1.0,1
2026-08-12 05:46:13,6,40001,2,0.0,1
2026-08-12 05:46:14,6,40001,2,1.0,1
2026-08-12 05:46:14,6,40001,2,0.0,1
2026-08-12 05:46:15,6,40001,2,1.0,1
2026-08-12 05:46:15,6,40001,2,0.0,1
2026-08-12 05:46:16,6,40001,2,1.0,1
2026-08-12 05:46:16,6,40001,2,0.0,1
2026-08-12 05:46:17,6,40001,2,1.0,1
2026-08-12 05:46:17,6,40001,2,0.0,1
2026-08-12 05:46:18,6,40001,2,1.0,1
2026-08-12 05:46:18,6,40001,2,0.0,1
2026-08-12 05:46:19,6,40001,2,1.0,1
2026-08-12 05:46:19,6,40001,2,0.0,1
2026-08-12 05:46:20,6,40001,2,1.0,1
2026-08-12 05:46:20,6,40001,2,0.0,1
2026-08-12 05:46:21,6,40001,2,1.0,1
2026-08-12 05:46:21,6,40001,2,0.0,1
2026-08-12 05:46:22,6,40001,2,1.0,1
2026-08-12 05:46:23,6,40001,2,1.0,1
2026-08-12 05:46:23,6,40001,2,0.0,1
2026-08-12 05:46:24,6,40001,2,1.0,1
2026-08-12 05:46:24,6,40001,2,0.0,1
2026-08-12 05:46:25,6,40001,2,1.0,1
2026-08-12 05:46:25,6,40001,2,0.0,1
2026-08-12 05:46:26,6,40001,2,1.0,1
2026-08-12 05:46:26,6,40001,2,0.0,1
2026-08-12 05:46:27,6,40001,2,1.0,1
2026-08-12 05:46:27,6,40001,2,0.0,1
2026-08-12 05:46:28,6,40001,2,1.0,1
2026-08-12 05:46:28,6,40001,2,0.0,1
2026-08-12 05:46:29,6,40001,2,1.0,1
2026-08-12 05:46:29,6,40001,2,0.0,1
2026-08-12 05:46:30,6,40001,2,1.0,1
2026-08-12 05:46:30,6,40001,2,0.0,1
2026-08-12 05:46:31,6,40001,2,1.0,1
2026-08-12 05:46:31,6,40001,2,0.0,1
2026-08-12 05:46:32,6,40001,2,1.0,1
2026-08-12 05:46:32,6,40001,2,0.0,1
2026-08-12 05:46:33,6,40001,2,1.0,1
2026-08-12 05:46:33,6,40001,2,0.0,1
2026-08-12 05:46:34,6,40001,2,1.0,1
2026-08-12 05:46:34,6,40001,2,0.0,1
2026-08-12 05:46:35,6,40001,2,1.0,1
2026-08-12 05:46:35,6,40001,2,0.0,1
2026-08-12 05:46:36,6,40001,2,1.0,1
2026-08-12 05:46:36,6,40001,2,0.0,1
2026-08-12 05:46:37,6,40001,2,1.0,1
2026-08-12 05:46:37,6,40001,2,0.0,1
2026-08-12 05:46:38,6,40001,2,1.0,1
2026-08-12 05:46:38,6,40001,2,0.0,1
2026-08-12 05:46:39,6,40001,2,1.0,1
2026-08-12 05:46:39,6,40001,2,0.0,1
2026-08-12 05:46:40,6,40001,2,1.0,1
2026-08-12 05:46:40,6,40001,2,0.0,1
2026-08-12 05:46:41,6,40001,2,1.0,1
2026-08-12 05:46:41,6,40001,2,0.0,1
2026-08-12 05:46:42,6,40001,2,1.0,1
2026-08-12 05:46:42,6,40001,2,0.0,1
2026-08-12 05:46:43,6,40001,2,1.0,1
2026-08-12 05:46:43,6,40001,2,0.0,1
2026-08-12 05:46:44,6,40001,2,1.0,1
2026-08-12 05:46:44,6,40001,2,0.0,1
2026-08-12 05:46:45,6,40001,2,1.0,1
2026-08-12 05:46:45,6,40001,2,0.0,1
2026-08-12 05:46:46,6,40001,2,1.0,1
2026-08-12 05:46:46,6,40001,2,0.0,1
2026-08-12 05:46:47,6,40001,2,1.0,1
2026-08-12 05:46:47,6,40001,2,0.0,1
2026-08-12 05:46:48,6,40001,2,1.0,1
2026-08-12 05:46:48,6,40001,2,0.0,1
2026-08-12 05:46:49,6,40001,2,1.0,1
2026-08-12 05:46:49,6,40001,2,0.0,1
2026-08-12 05:46:50,6,40001,2,1.0,1
2026-08-12 05:46:50,6,40001,2,0.0,1
2026-08-12 05:46:51,6,40001,2,1.0,1
2026-08-12 05:46:51,6,40001,2,0.0,1
2026-08-12 05:46:52,6,40001,2,1.0,1
2026-08-12 05:46:52,6,40001,2,0.0,1
2026-08-12 05:46:53,6,40001,2,1.0,1
2026-08-12 05:46:53,6,40001,2,0.0,1
2026-08-12 05:46:54,6,40001,2,1.0,1
2026-08-12 05:46:54,6,40001,2,0.0,1
2026-08-12 05:46:55,6,40001,2,1.0,1
2026-08-12 05:46:56,6,40001,2,1.0,1
2026-08-12 05:46:56,6,40001,2,0.0,1
2026-08-12 05:46:57,6,40001,2,1.0,1
2026-08-12 05:46:57,6,40001,2,0.0,1
2026-08-12 05:46:58,6,40001,2,1.0,1
2026-08-12 05:46:58,6,40001,2,0.0,1
2026-08-12 05:46:59,6,40001,2,1.0,1
2026-08-12 05:46:59,6,40001,2,0.0,1
2026-08-12 05:47:00,6,40001,2,1.0,1
2026-08-12 05:47:00,6,40001,2,0.0,1
2026-08-12 05:47:01,6,40001,2,1.0,1
2026-08-12 05:47:01,6,40001,2,0.0,1
2026-08-12 05:47:02,6,40001,2,1.0,1
2026-08-12 05:47:02,6,40001,2,0.0,1
2026-08-12 05:47:03,6,40001,2,1.0,1
2026-08-12 05:47:03,6,40001,2,0.0,1
2026-08-12 05:47:04,6,40001,2,1.0,1
2026-08-12 05:47:04,6,40001,2,0.0,1
2026-08-12 05:47:05,6,40001,2,1.0,1
2026-08-12 05:47:05,6,40001,2,0.0,1
2026-08-12 05:47:06,6,40001,2,1.0,1
2026-08-12 05:47:06,6,40001,2,0.0,1
2026-08-12 05:47:07,6,40001,2,1.0,1
2026-08-12 05:47:07,6,40001,2,0.0,1
2026-08-12 05:47:08,6,40001,2,1.0,1
2026-08-12 05:47:08,6,40001,2,0.0,1
2026-08-12 05:47:09,6,40001,2,1.0,1
2026-08-12 05:47:09,6,40001,2,0.0,1
2026-08-12 05:47:10,6,40001,2,1.0,1
2026-08-12 05:47:10,6,40001,2,0.0,1
2026-08-12 05:47:11,6,40001,2,1.0,1
2026-08-12 05:47:11,6,40001,2,0.0,1
2026-08-12 05:47:12,6,40001,2,1.0,1
2026-08-12 05:47:12,6,40001,2,0.0,1
2026-08-12 05:47:13,6,40001,2,1.0,1
2026-08-12 05:47:13,6,40001,2,0.0,1
2026-08-12 05:47:14,6,40001,2,1.0,1
2026-08-12 05:47:14,6,40001,2,0.0,1
2026-08-12 05:47:15,6,40001,2,1.0,1
2026-08-12 05:47:15,6,40001,2,0.0,1
2026-08-12 05:47:16,6,40001,2,1.0,1
2026-08-12 05:47:16,6,40001,2,0.0,1
2026-08-12 05:47:17,6,40001,2,1.0,1
2026-08-12 05:47:17,6,40001,2,0.0,1
2026-08-12 05:47:18,6,40001,2,1.0,1
2026-08-12 05:47:18,6,40001,2,0.0,1
2026-08-12 05:47:19,6,40001,2,1.0,1
2026-08-12 05:47:19,6,40001,2,0.0,1
2026-08-12 05:47:20,6,40001,2,1.0,1
2026-08-12 05:47:20,6,40001,2,0.0,1
2026-08-12 05:47:21,6,40001,2,1.0,1
2026-08-12 05:47:21,6,40001,2,0.0,1
2026-08-12 05:47:22,6,40001,2,1.0,1
2026-08-12 05:47:22,6,40001,2,0.0,1
2026-08-12 05:47:23,6,40001,2,1.0,1
2026-08-12 05:47:23,6,40001,2,0.0,1
2026-08-12 05:47:24,6,40001,2,1.0,1
2026-08-12 05:47:24,6,40001,2,0.0,1
2026-08-12 05:47:25,6,40001,2,1.0,1
2026-08-12 05:47:25,6,40001,2,0.0,1
2026-08-12 05:47:26,6,40001,2,1.0,1
2026-08-12 05:47:27,6,40001,2,1.0,1
2026-08-12 05:47:27,6,40001,2,0.0,1
2026-08-12 05:47:28,6,40001,2,1.0,1
2026-08-12 05:47:28,6,40001,2,0.0,1
2026-08-12 05:47:29,6,40001,2,1.0,1
2026-08-12 05:47:29,6,40001,2,0.0,1
2026-08-12 05:47:30,6,40001,2,1.0,1
2026-08-12 05:47:30,6,40001,2,0.0,1
2026-08-12 05:47:31,6,40001,2,1.0,1
2026-08-12 05:47:31,6,40001,2,0.0,1
2026-08-12 05:47:32,6,40001,2,1.0,1
2026-08-12 05:47:32,6,40001,2,0.0,1
2026-08-12 05:47:33,6,40001,2,1.0,1
2026-08-12 05:47:33,6,40001,2,0.0,1
2026-08-12 05:47:34,6,40001,2,1.0,1
2026-08-12 05:47:34,6,40001,2,0.0,1
2026-08-12 05:47:35,6,40001,2,1.0,1
2026-08-12 05:47:35,6,40001,2,0.0,1
2026-08-12 05:47:36,6,40001,2,1.0,1
2026-08-12 05:47:36,6,40001,2,0.0,1
2026-08-12 05:47:37,6,40001,2,1.0,1
2026-08-12 05:47:37,6,40001,2,0.0,1
2026-08-12 05:47:38,6,40001,2,1.0,1
2026-08-12 05:47:38,6,40001,2,0.0,1
2026-08-12 05:47:39,6,40001,2,1.0,1
2026-08-12 05:47:39,6,40001,2,0.0,1
2026-08-12 05:47:40,6,40001,2,1.0,1
2026-08-12 05:47:40,6,40001,2,0.0,1
2026-08-12 05:47:41,6,40001,2,1.0,1
2026-08-12 05:47:41,6,40001,2,0.0,1
2026-08-12 05:47:42,6,40001,2,1.0,1
2026-08-12 05:47:42,6,40001,2,0.0,1
2026-08-12 05:47:43,6,40001,2,1.0,1
2026-08-12 05:47:43,6,40001,2,0.0,1
2026-08-12 05:47:44,6,40001,2,1.0,1
2026-08-12 05:47:44,6,40001,2,0.0,1
2026-08-12 05:47:45,6,40001,2,1.0,1
2026-08-12 05:47:45,6,40001,2,0.0,1
2026-08-12 05:47:46,6,40001,2,1.0,1
2026-08-12 05:47:46,6,40001,2,0.0,1
2026-08-12 05:47:47,6,40001,2,1.0,1
2026-08-12 05:47:47,6,40001,2,0.0,1
2026-08-12 05:47:48,6,40001,2,1.0,1
2026-08-12 05:47:48,6,40001,2,0.0,1
2026-08-12 05:47:49,6,40001,2,1.0,1
2026-08-12 05:47:49,6,40001,2,0.0,1
2026-08-12 05:47:50,6,40001,2,1.0,1
2026-08-12 05:47:50,6,40001,2,0.0,1
2026-08-12 05:47:51,6,40001,2,1.0,1
2026-08-12 05:47:51,6,40001,2,0.0,1
2026-08-12 05:47:52,6,40001,2,1.0,1
2026-08-12 05:47:52,6,40001,2,0.0,1
2026-08-12 05:47:53,6,40001,2,1.0,1
2026-08-12 05:47:53,6,40001,2,0.0,1
2026-08-12 05:47:54,6,40001,2,1.0,1
2026-08-12 05:47:54,6,40001,2,0.0,1
2026-08-12 05:47:55,6,40001,2,1.0,1
2026-08-12 05:47:55,6,40001,2,0.0,1
2026-08-12 05:47:56,6,40001,2,1.0,1
2026-08-12 05:47:56,6,40001,2,0.0,1
2026-08-12 05:47:57,6,40001,2,1.0,1
2026-08-12 05:47:57,6,40001,2,0.0,1
2026-08-12 05:47:58,6,40001,2,1.0,1
2026-08-12 05:47:59,6,40001,2,1.0,1
2026-08-12 05:47:59,6,40001,2,0.0,1
2026-08-12 05:48:00,6,40001,2,1.0,1
2026-08-12 05:48:00,6,40001,2,0.0,1
2026-08-12 05:48:01,6,40001,2,1.0,1
2026-08-12 05:48:01,6,40001,2,0.0,1
2026-08-12 05:48:02,6,40001,2,1.0,1
2026-08-12 05:48:02,6,40001,2,0.0,1
2026-08-12 05:48:03,6,40001,2,1.0,1
2026-08-12 05:48:03,6,40001,2,0.0,1
2026-08-12 05:48:04,6,40001,2,1.0,1
2026-08-12 05:48:04,6,40001,2,0.0,1
2026-08-12 05:48:05,6,40001,2,1.0,1
2026-08-12 05:48:05,6,40001,2,0.0,1
2026-08-12 05:48:06,6,40001,2,1.0,1
2026-08-12 05:48:06,6,40001,2,0.0,1
2026-08-12 05:48:07,6,40001,2,1.0,1
2026-08-12 05:48:07,6,40001,2,0.0,1
2026-08-12 05:48:08,6,40001,2,1.0,1
2026-08-12 05:48:08,6,40001,2,0.0,1
2026-08-12 05:48:09,6,40001,2,1.0,1
2026-08-12 05:48:09,6,40001,2,0.0,1
2026-08-12 05:48:10,6,40001,2,1.0,1
2026-08-12 05:48:10,6,40001,2,0.0,1
2026-08-12 05:48:11,6,40001,2,1.0,1
2026-08-12 05:48:11,6,40001,2,0.0,1
2026-08-12 05:48:12,6,40001,2,1.0,1
2026-08-12 05:48:12,6,40001,2,0.0,1
2026-08-12 05:48:13,6,40001,2,1.0,1
2026-08-12 05:48:13,6,40001,2,0.0,1
2026-08-12 05:48:14,6,40001,2,1.0,1
2026-08-12 05:48:14,6,40001,2,0.0,1
2026-08-12 05:48:15,6,40001,2,1.0,1
2026-08-12 05:48:15,6,40001,2,0.0,1
2026-08-12 05:48:16,6,40001,2,1.0,1
2026-08-12 05:48:16,6,40001,2,0.0,1
2026-08-12 05:48:17,6,40001,2,1.0,1
2026-08-12 05:48:17,6,40001,2,0.0,1
2026-08-12 05:48:18,6,40001,2,1.0,1
2026-08-12 05:48:18,6,40001,2,0.0,1
2026-08-12 05:48:19,6,40001,2,1.0,1
2026-08-12 05:48:19,6,40001,2,0.0,1
2026-08-12 05:48:20,6,40001,2,1.0,1
2026-08-12 05:48:20,6,40001,2,0.0,1
2026-08-12 05:48:21,6,40001,2,1.0,1
2026-08-12 05:48:21,6,40001,2,0.0,1
2026-08-12 05:48:22,6,40001,2,1.0,1
2026-08-12 05:48:22,6,40001,2,0.0,1
2026-08-12 05:48:23,6,40001,2,1.0,1
2026-08-12 05:48:23,6,40001,2,0.0,1
2026-08-12 05:48:24,6,40001,2,1.0,1
2026-08-12 05:48:24,6,40001,2,0.0,1
2026-08-12 05:48:25,6,40001,2,1.0,1
2026-08-12 05:48:25,6,40001,2,0.0,1
2026-08-12 05:48:26,6,40001,2,1.0,1
2026-08-12 05:48:26,6,40001,2,0.0,1
2026-08-12 05:48:27,6,40001,2,1.0,1
2026-08-12 05:48:27,6,40001,2,0.0,1
2026-08-12 05:48:28,6,40001,2,1.0,1
2026-08-12 05:48:28,6,40001,2,0.0,1
2026-08-12 05:48:29,6,40001,2,1.0,1
2026-08-12 05:48:29,6,40001,2,0.0,1
2026-08-12 05:48:30,6,40001,2,1.0,1
2026-08-12 05:48:30,6,40001,2,0.0,1
2026-08-12 05:48:31,6,40001,2,1.0,1
2026-08-12 05:48:31,6,40001,2,0.0,1
2026-08-12 05:48:32,6,40001,2,1.0,1
2026-08-12 05:48:32,6,40001,2,0.0,1
2026-08-12 05:48:33,6,40001,2,1.0,1
2026-08-12 05:48:34,6,40001,2,1.0,1
2026-08-12 05:48:34,6,40001,2,0.0,1
2026-08-12 05:48:35,6,40001,2,1.0,1
2026-08-12 05:48:35,6,40001,2,0.0,1
2026-08-12 05:48:36,6,40001,2,1.0,1
2026-08-12 05:48:36,6,40001,2,0.0,1
2026-08-12 05:48:37,6,40001,2,1.0,1
2026-08-12 05:48:37,6,40001,2,0.0,1
2026-08-12 05:48:38,6,40001,2,1.0,1
2026-08-12 05:48:38,6,40001,2,0.0,1
2026-08-12 05:48:39,6,40001,2,1.0,1
2026-08-12 05:48:39,6,40001,2,0.0,1
2026-08-12 05:48:40,6,40001,2,1.0,1
2026-08-12 05:48:40,6,40001,2,0.0,1
2026-08-12 05:48:41,6,40001,2,1.0,1
2026-08-12 05:48:41,6,40001,2,0.0,1
2026-08-12 05:48:42,6,40001,2,1.0,1
2026-08-12 05:48:42,6,40001,2,0.0,1
2026-08-12 05:48:43,6,40001,2,1.0,1
2026-08-12 05:48:43,6,40001,2,0.0,1
2026-08-12 05:48:44,6,40001,2,1.0,1
2026-08-12 05:48:44,6,40001,2,0.0,1
2026-08-12 05:48:45,6,40001,2,1.0,1
2026-08-12 05:48:45,6,40001,2,0.0,1
2026-08-12 05:48:46,6,40001,2,1.0,1
2026-08-12 05:48:46,6,40001,2,0.0,1
2026-08-12 05:48:47,6,40001,2,1.0,1
2026-08-12 05:48:47,6,40001,2,0.0,1
2026-08-12 05:48:48,6,40001,2,1.0,1
2026-08-12 05:48:48,6,40001,2,0.0,1
2026-08-12 05:48:49,6,40001,2,1.0,1
2026-08-12 05:48:49,6,40001,2,0.0,1
2026-08-12 05:48:50,6,40001,2,1.0,1
2026-08-12 05:48:50,6,40001,2,0.0,1
2026-08-12 05:48:51,6,40001,2,1.0,1
2026-08-12 05:48:51,6,40001,2,0.0,1
2026-08-12 05:48:52,6,40001,2,1.0,1
2026-08-12 05:48:52,6,40001,2,0.0,1
2026-08-12 05:48:53,6,40001,2,1.0,1
2026-08-12 05:48:53,6,40001,2,0.0,1
2026-08-12 05:48:54,6,40001,2,1.0,1
2026-08-12 05:48:54,6,40001,2,0.0,1
2026-08-12 05:48:55,6,40001,2,1.0,1
2026-08-12 05:48:55,6,40001,2,0.0,1
2026-08-12 05:48:56,6,40001,2,1.0,1
2026-08-12 05:48:56,6,40001,2,0.0,1
2026-08-12 05:48:57,6,40001,2,1.0,1
2026-08-12 05:48:57,6,40001,2,0.0,1
2026-08-12 05:48:58,6,40001,2,1.0,1
2026-08-12 05:48:58,6,40001,2,0.0,1
2026-08-12 05:48:59,6,40001,2,1.0,1
2026-08-12 05:48:59,6,40001,2,0.0,1
2026-08-12 05:49:00,6,40001,2,1.0,1
2026-08-12 05:49:01,6,40001,2,1.0,1
2026-08-12 05:49:01,6,40001,2,0.0,1
2026-08-12 05:49:02,6,40001,2,1.0,1
2026-08-12 05:49:02,6,40001,2,0.0,1
2026-08-12 05:49:03,6,40001,2,1.0,1
2026-08-12 05:49:03,6,40001,2,0.0,1
2026-08-12 05:49:04,6,40001,2,1.0,1
2026-08-12 05:49:04,6,40001,2,0.0,1
2026-08-12 05:49:05,6,40001,2,1.0,1
2026-08-12 05:49:05,6,40001,2,0.0,1
2026-08-12 05:49:06,6,40001,2,1.0,1
2026-08-12 05:49:06,6,40001,2,0.0,1
2026-08-12 05:49:07,6,40001,2,1.0,1
2026-08-12 05:49:07,6,40001,2,0.0,1
2026-08-12 05:49:08,6,40001,2,1.0,1
2026-08-12 05:49:08,6,40001,2,0.0,1
2026-08-12 05:49:09,6,40001,2,1.0,1
2026-08-12 05:49:09,6,40001,2,0.0,1
2026-08-12 05:49:10,6,40001,2,1.0,1
2026-08-12 05:49:10,6,40001,2,0.0,1
2026-08-12 05:49:11,6,40001,2,1.0,1
2026-08-12 05:49:11,6,40001,2,0.0,1
2026-08-12 05:49:12,6,40001,2,1.0,1
2026-08-12 05:49:12,6,40001,2,0.0,1
2026-08-12 05:49:13,6,40001,2,1.0,1
2026-08-12 05:49:13,6,40001,2,0.0,1
2026-08-12 05:49:14,6,40001,2,1.0,1
2026-08-12 05:49:14,6,40001,2,0.0,1
2026-08-12 05:49:15,6,40001,2,1.0,1
2026-08-12 05:49:15,6,40001,2,0.0,1
2026-08-12 05:49:16,6,40001,2,1.0,1
2026-08-12 05:49:16,6,40001,2,0.0,1
2026-08-12 05:49:17,6,40001,2,1.0,1
2026-08-12 05:49:17,6,40001,2,0.0,1
2026-08-12 05:49:18,6,40001,2,1.0,1
2026-08-12 05:49:18,6,40001,2,0.0,1
2026-08-12 05:49:19,6,40001,2,1.0,1
2026-08-12 05:49:19,6,40001,2,0.0,1
2026-08-12 05:49:20,6,40001,2,1.0,1
2026-08-12 05:49:20,6,40001,2,0.0,1
2026-08-12 05:49:21,6,40001,2,1.0,1
2026-08-12 05:49:21,6,40001,2,0.0,1
2026-08-12 05:49:22,6,40001,2,1.0,1
2026-08-12 05:49:22,6,40001,2,0.0,1
2026-08-12 05:49:23,6,40001,2,1.0,1
2026-08-12 05:49:23,6,40001,2,0.0,1
2026-08-12 05:49:24,6,40001,2,1.0,1
2026-08-12 05:49:24,6,40001,2,0.0,1
2026-08-12 05:49:25,6,40001,2,1.0,1
2026-08-12 05:49:25,6,40001,2,0.0,1
2026-08-12 05:49:26,6,40001,2,1.0,1
2026-08-12 05:49:26,6,40001,2,0.0,1
2026-08-12 05:49:27,6,40001,2,1.0,1
2026-08-12 05:49:27,6,40001,2,0.0,1
2026-08-12 05:49:28,6,40001,2,1.0,1
2026-08-12 05:49:28,6,40001,2,0.0,1
2026-08-12 05:49:29,6,40001,2,1.0,1
2026-08-12 05:49:29,6,40001,2,0.0,1
2026-08-12 05:49:30,6,40001,2,1.0,1
2026-08-12 05:49:30,6,40001,2,0.0,1
2026-08-12 05:49:31,6,40001,2,1.0,1
2026-08-12 05:49:31,6,40001,2,0.0,1
2026-08-12 05:49:32,6,40001,2,1.0,1
2026-08-12 05:49:32,6,40001,2,0.0,1
2026-08-12 05:49:33,6,40001,2,1.0,1
2026-08-12 05:49:33,6,40001,2,0.0,1
2026-08-12 05:49:34,6,40001,2,1.0,1
2026-08-12 05:49:34,6,40001,2,0.0,1
2026-08-12 05:49:35,6,40001,2,1.0,1
2026-08-12 05:49:36,6,40001,2,1.0,1
2026-08-12 05:49:36,6,40001,2,0.0,1
2026-08-12 05:49:37,6,40001,2,1.0,1
2026-08-12 05:49:37,6,40001,2,0.0,1
2026-08-12 05:49:38,6,40001,2,1.0,1
2026-08-12 05:49:38,6,40001,2,0.0,1
2026-08-12 05:49:39,6,40001,2,1.0,1
2026-08-12 05:49:39,6,40001,2,0.0,1
2026-08-12 05:49:40,6,40001,2,1.0,1
2026-08-12 05:49:40,6,40001,2,0.0,1
2026-08-12 05:49:41,6,40001,2,1.0,1
2026-08-12 05:49:41,6,40001,2,0.0,1
2026-08-12 05:49:42,6,40001,2,1.0,1
2026-08-12 05:49:42,6,40001,2,0.0,1
2026-08-12 05:49:43,6,40001,2,1.0,1
2026-08-12 05:49:43,6,40001,2,0.0,1
2026-08-12 05:49:44,6,40001,2,1.0,1
2026-08-12 05:49:44,6,40001,2,0.0,1
2026-08-12 05:49:45,6,40001,2,1.0,1
2026-08-12 05:49:45,6,40001,2,0.0,1
2026-08-12 05:49:46,6,40001,2,1.0,1
2026-08-12 05:49:46,6,40001,2,0.0,1
2026-08-12 05:49:47,6,40001,2,1.0,1
2026-08-12 05:49:47,6,40001,2,0.0,1
2026-08-12 05:49:48,6,40001,2,1.0,1
2026-08-12 05:49:48,6,40001,2,0.0,1
2026-08-12 05:49:49,6,40001,2,1.0,1
2026-08-12 05:49:49,6,40001,2,0.0,1
2026-08-12 05:49:50,6,40001,2,1.0,1
2026-08-12 05:49:50,6,40001,2,0.0,1
2026-08-12 05:49:51,6,40001,2,1.0,1
2026-08-12 05:49:51,6,40001,2,0.0,1
2026-08-12 05:49:52,6,40001,2,1.0,1
2026-08-12 05:49:52,6,40001,2,0.0,1
2026-08-12 05:49:53,6,40001,2,1.0,1
2026-08-12 05:49:53,6,40001,2,0.0,1
2026-08-12 05:49:54,6,40001,2,1.0,1
2026-08-12 05:49:54,6,40001,2,0.0,1
2026-08-12 05:49:55,6,40001,2,1.0,1
2026-08-12 05:49:55,6,40001,2,0.0,1
2026-08-12 05:49:56,6,40001,2,1.0,1
2026-08-12 05:49:56,6,40001,2,0.0,1
2026-08-12 05:49:57,6,40001,2,1.0,1
2026-08-12 05:49:57,6,40001,2,0.0,1
2026-08-12 05:49:58,6,40001,2,1.0,1
2026-08-12 05:49:58,6,40001,2,0.0,1
2026-08-12 05:49:59,6,40001,2,1.0,1
2026-08-12 05:49:59,6,40001,2,0.0,1
2026-08-12 05:50:00,6,40001,2,1.0,1
2026-08-12 05:50:00,6,40001,2,0.0,1
2026-08-12 05:50:01,6,40001,2,1.0,1
2026-08-12 05:50:01,6,40001,2,0.0,1
2026-08-12 05:50:02,6,40001,2,1.0,1
2026-08-12 05:50:02,6,40001,2,0.0,1
2026-08-12 05:50:03,6,40001,2,1.0,1
2026-08-12 05:50:03,6,40001,2,0.0,1
2026-08-12 05:50:04,6,40001,2,1.0,1
2026-08-12 05:50:04,6,40001,2,0.0,1
2026-08-12 05:50:05,6,40001,2,1.0,1
2026-08-12 05:50:05,6,40001,2,0.0,1
2026-08-12 05:50:06,6,40001,2,1.0,1
2026-08-12 05:50:06,6,40001,2,0.0,1
2026-08-12 05:50:07,6,40001,2,1.0,1
2026-08-12 05:50:07,6,40001,2,0.0,1
2026-08-12 05:50:08,6,40001,2,1.0,1
2026-08-12 05:50:08,6,40001,2,0.0,1
2026-08-12 05:50:09,6,40001,2,1.0,1
2026-08-12 05:50:10,6,40001,2,1.0,1
2026-08-12 05:50:10,6,40001,2,0.0,1
2026-08-12 05:50:11,6,40001,2,1.0,1
2026-08-12 05:50:11,6,40001,2,0.0,1
2026-08-12 05:50:12,6,40001,2,1.0,1
2026-08-12 05:50:12,6,40001,2,0.0,1
2026-08-12 05:50:13,6,40001,2,1.0,1
2026-08-12 05:50:13,6,40001,2,0.0,1
2026-08-12 05:50:14,6,40001,2,1.0,1
2026-08-12 05:50:14,6,40001,2,0.0,1
2026-08-12 05:50:15,6,40001,2,1.0,1
2026-08-12 05:50:15,6,40001,2,0.0,1
2026-08-12 05:50:16,6,40001,2,1.0,1
2026-08-12 05:50:16,6,40001,2,0.0,1
2026-08-12 05:50:17,6,40001,2,1.0,1
2026-08-12 05:50:17,6,40001,2,0.0,1
2026-08-12 05:50:18,6,40001,2,1.0,1
2026-08-12 05:50:18,6,40001,2,0.0,1
2026-08-12 05:50:19,6,40001,2,1.0,1
2026-08-12 05:50:19,6,40001,2,0.0,1
2026-08-12 05:50:20,6,40001,2,1.0,1
2026-08-12 05:50:20,6,40001,2,0.0,1
2026-08-12 05:50:21,6,40001,2,1.0,1
2026-08-12 05:50:21,6,40001,2,0.0,1
2026-08-12 05:50:22,6,40001,2,1.0,1
2026-08-12 05:50:22,6,40001,2,0.0,1
2026-08-12 05:50:23,6,40001,2,1.0,1
2026-08-12 05:50:23,6,40001,2,0.0,1
2026-08-12 05:50:24,6,40001,2,1.0,1
2026-08-12 05:50:24,6,40001,2,0.0,1
2026-08-12 05:50:25,6,40001,2,1.0,1
2026-08-12 05:50:25,6,40001,2,0.0,1
2026-08-12 05:50:26,6,40001,2,1.0,1
2026-08-12 05:50:26,6,40001,2,0.0,1
2026-08-12 05:50:27,6,40001,2,1.0,1
2026-08-12 05:50:27,6,40001,2,0.0,1
2026-08-12 05:50:28,6,40001,2,1.0,1
2026-08-12 05:50:28,6,40001,2,0.0,1
2026-08-12 05:50:29,6,40001,2,1.0,1
2026-08-12 05:50:29,6,40001,2,0.0,1
2026-08-12 05:50:30,6,40001,2,1.0,1
2026-08-12 05:50:30,6,40001,2,0.0,1
2026-08-12 05:50:31,6,40001,2,1.0,1
2026-08-12 05:50:31,6,40001,2,0.0,1
2026-08-12 05:50:32,6,40001,2,1.0,1
2026-08-12 05:50:32,6,40001,2,0.0,1
2026-08-12 05:50:33,6,40001,2,1.0,1
2026-08-12 05:50:33,6,40001,2,0.0,1
2026-08-12 05:50:34,6,40001,2,1.0,1
2026-08-12 05:50:34,6,40001,2,0.0,1
2026-08-12 05:50:35,6,40001,2,1.0,1
2026-08-12 05:50:36,6,40001,2,1.0,1
2026-08-12 05:50:36,6,40001,2,0.0,1
2026-08-12 05:50:37,6,40001,2,1.0,1
2026-08-12 05:50:37,6,40001,2,0.0,1
2026-08-12 05:50:38,6,40001,2,1.0,1
2026-08-12 05:50:38,6,40001,2,0.0,1
2026-08-12 05:50:39,6,40001,2,1.0,1
2026-08-12 05:50:39,6,40001,2,0.0,1
2026-08-12 05:50:40,6,40001,2,1.0,1
2026-08-12 05:50:40,6,40001,2,0.0,1
2026-08-12 05:50:41,6,40001,2,1.0,1
2026-08-12 05:50:41,6,40001,2,0.0,1
2026-08-12 05:50:42,6,40001,2,1.0,1
2026-08-12 05:50:42,6,40001,2,0.0,1
2026-08-12 05:50:43,6,40001,2,1.0,1
2026-08-12 05:50:43,6,40001,2,0.0,1
2026-08-12 05:50:44,6,40001,2,1.0,1
2026-08-12 05:50:44,6,40001,2,0.0,1
2026-08-12 05:50:45,6,40001,2,1.0,1
2026-08-12 05:50:45,6,40001,2,0.0,1
2026-08-12 05:50:46,6,40001,2,1.0,1
2026-08-12 05:50:46,6,40001,2,0.0,1
2026-08-12 05:50:47,6,40001,2,1.0,1
2026-08-12 05:50:47,6,40001,2,0.0,1
2026-08-12 05:50:48,6,40001,2,1.0,1
2026-08-12 05:50:48,6,40001,2,0.0,1
2026-08-12 05:50:49,6,40001,2,1.0,1
2026-08-12 05:50:49,6,40001,2,0.0,1
2026-08-12 05:50:50,6,40001,2,1.0,1
2026-08-12 05:50:50,6,40001,2,0.0,1
2026-08-12 05:50:51,6,40001,2,1.0,1
2026-08-12 05:50:51,6,40001,2,0.0,1
2026-08-12 05:50:52,6,40001,2,1.0,1
2026-08-12 05:50:52,6,40001,2,0.0,1
2026-08-12 05:50:53,6,40001,2,1.0,1
2026-08-12 05:50:53,6,40001,2,0.0,1
2026-08-12 05:50:54,6,40001,2,1.0,1
2026-08-12 05:50:54,6,40001,2,0.0,1
2026-08-12 05:50:55,6,40001,2,1.0,1
2026-08-12 05:50:55,6,40001,2,0.0,1
2026-08-12 05:50:56,6,40001,2,1.0,1
2026-08-12 05:50:56,6,40001,2,0.0,1
2026-08-12 05:50:57,6,40001,2,1.0,1
2026-08-12 05:50:57,6,40001,2,0.0,1
2026-08-12 05:50:58,6,40001,2,1.0,1
2026-08-12 05:50:59,6,40001,2,1.0,1
2026-08-12 05:50:59,6,40001,2,0.0,1
2026-08-12 05:51:00,6,40001,2,1.0,1
2026-08-12 05:51:00,6,40001,2,0.0,1
2026-08-12 05:51:01,6,40001,2,1.0,1
2026-08-12 05:51:01,6,40001,2,0.0,1
2026-08-12 05:51:02,6,40001,2,1.0,1
2026-08-12 05:51:02,6,40001,2,0.0,1
2026-08-12 05:51:03,6,40001,2,1.0,1
2026-08-12 05:51:03,6,40001,2,0.0,1
2026-08-12 05:51:04,6,40001,2,1.0,1
2026-08-12 05:51:04,6,40001,2,0.0,1
2026-08-12 05:51:05,6,40001,2,1.0,1
2026-08-12 05:51:05,6,40001,2,0.0,1
2026-08-12 05:51:06,6,40001,2,1.0,1
2026-08-12 05:51:06,6,40001,2,0.0,1
2026-08-12 05:51:07,6,40001,2,1.0,1
2026-08-12 05:51:07,6,40001,2,0.0,1
2026-08-12 05:51:08,6,40001,2,1.0,1
2026-08-12 05:51:08,6,40001,2,0.0,1
2026-08-12 05:51:09,6,40001,2,1.0,1
2026-08-12 05:51:09,6,40001,2,0.0,1
2026-08-12 05:51:10,6,40001,2,1.0,1
2026-08-12 05:51:10,6,40001,2,0.0,1
2026-08-12 05:51:11,6,40001,2,1.0,1
2026-08-12 05:51:11,6,40001,2,0.0,1
2026-08-12 05:51:12,6,40001,2,1.0,1
2026-08-12 05:51:12,6,40001,2,0.0,1
2026-08-12 05:51:13,6,40001,2,1.0,1
2026-08-12 05:51:13,6,40001,2,0.0,1
2026-08-12 05:51:14,6,40001,2,1.0,1
2026-08-12 05:51:14,6,40001,2,0.0,1
2026-08-12 05:51:15,6,40001,2,1.0,1
2026-08-12 05:51:15,6,40001,2,0.0,1
2026-08-12 05:51:16,6,40001,2,1.0,1
2026-08-12 05:51:16,6,40001,2,0.0,1
2026-08-12 05:51:17,6,40001,2,1.0,1
2026-08-12 05:51:17,6,40001,2,0.0,1
2026-08-12 05:51:18,6,40001,2,1.0,1
2026-08-12 05:51:18,6,40001,2,0.0,1
2026-08-12 05:51:19,6,40001,2,1.0,1
2026-08-12 05:51:19,6,40001,2,0.0,1
2026-08-12 05:51:20,6,40001,2,1.0,1
2026-08-12 05:51:20,6,40001,2,0.0,1
2026-08-12 05:51:21,6,40001,2,1.0,1
2026-08-12 05:51:21,6,40001,2,0.0,1
2026-08-12 05:51:22,6,40001,2,1.0,1
2026-08-12 05:51:22,6,40001,2,0.0,1
2026-08-12 05:51:23,6,40001,2,1.0,1
2026-08-12 05:51:23,6,40001,2,0.0,1
2026-08-12 05:51:24,6,40001,2,1.0,1
2026-08-12 05:51:24,6,40001,2,0.0,1
2026-08-12 05:51:25,6,40001,2,1.0,1
2026-08-12 05:51:25,6,40001,2,0.0,1
2026-08-12 05:51:26,6,40001,2,1.0,1
2026-08-12 05:51:26,6,40001,2,0.0,1
2026-08-12 05:51:27,6,40001,2,1.0,1
2026-08-12 05:51:27,6,40001,2,0.0,1
2026-08-12 05:51:28,6,40001,2,1.0,1
2026-08-12 05:51:28,6,40001,2,0.0,1
2026-08-12 05:51:29,6,40001,2,1.0,1
2026-08-12 05:51:29,6,40001,2,0.0,1
2026-08-12 05:51:30,6,40001,2,1.0,1
2026-08-12 05:51:30,6,40001,2,0.0,1
2026-08-12 05:51:31,6,40001,2,1.0,1
2026-08-12 05:51:31,6,40001,2,0.0,1
2026-08-12 05:51:32,6,40001,2,1.0,1
2026-08-12 05:51:33,6,40001,2,1.0,1
2026-08-12 05:51:33,6,40001,2,0.0,1
2026-08-12 05:51:34,6,40001,2,1.0,1
2026-08-12 05:51:34,6,40001,2,0.0,1
2026-08-12 05:51:35,6,40001,2,1.0,1
2026-08-12 05:51:35,6,40001,2,0.0,1
2026-08-12 05:51:36,6,40001,2,1.0,1
2026-08-12 05:51:36,6,40001,2,0.0,1
2026-08-12 05:51:37,6,40001,2,1.0,1
2026-08-12 05:51:37,6,40001,2,0.0,1
2026-08-12 05:51:38,6,40001,2,1.0,1
2026-08-12 05:51:38,6,40001,2,0.0,1
2026-08-12 05:51:39,6,40001,2,1.0,1
2026-08-12 05:51:39,6,40001,2,0.0,1
2026-08-12 05:51:40,6,40001,2,1.0,1
2026-08-12 05:51:40,6,40001,2,0.0,1
2026-08-12 05:51:41,6,40001,2,1.0,1
2026-08-12 05:51:41,6,40001,2,0.0,1
2026-08-12 05:51:42,6,40001,2,1.0,1
2026-08-12 05:51:42,6,40001,2,0.0,1
2026-08-12 05:51:43,6,40001,2,1.0,1
2026-08-12 05:51:43,6,40001,2,0.0,1
2026-08-12 05:51:44,6,40001,2,1.0,1
2026-08-12 05:51:44,6,40001,2,0.0,1
2026-08-12 05:51:45,6,40001,2,1.0,1
2026-08-12 05:51:45,6,40001,2,0.0,1
2026-08-12 05:51:46,6,40001,2,1.0,1
2026-08-12 05:51:46,6,40001,2,0.0,1
2026-08-12 05:51:47,6,40001,2,1.0,1
2026-08-12 05:51:47,6,40001,2,0.0,1
2026-08-12 05:51:48,6,40001,2,1.0,1
2026-08-12 05:51:48,6,40001,2,0.0,1
2026-08-12 05:51:49,6,40001,2,1.0,1
2026-08-12 05:51:49,6,40001,2,0.0,1
2026-08-12 05:51:50,6,40001,2,1.0,1
2026-08-12 05:51:50,6,40001,2,0.0,1
2026-08-12 05:51:51,6,40001,2,1.0,1
2026-08-12 05:51:51,6,40001,2,0.0,1
2026-08-12 05:51:52,6,40001,2,1.0,1
2026-08-12 05:51:52,6,40001,2,0.0,1
2026-08-12 05:51:53,6,40001,2,1.0,1
2026-08-12 05:51:53,6,40001,2,0.0,1
2026-08-12 05:51:54,6,40001,2,1.0,1
2026-08-12 05:51:54,6,40001,2,0.0,1
2026-08-12 05:51:55,6,40001,2,1.0,1
2026-08-12 05:51:55,6,40001,2,0.0,1
2026-08-12 05:51:56,6,40001,2,1.0,1
2026-08-12 05:51:56,6,40001,2,0.0,1
2026-08-12 05:51:57,6,40001,2,1.0,1
2026-08-12 05:51:57,6,40001,2,0.0,1
2026-08-12 05:51:58,6,40001,2,1.0,1
2026-08-12 05:51:58,6,40001,2,0.0,1
2026-08-12 05:51:59,6,40001,2,1.0,1
2026-08-12 05:51:59,6,40001,2,0.0,1
2026-08-12 05:52:00,6,40001,2,1.0,1
2026-08-12 05:52:00,6,40001,2,0.0,1
2026-08-12 05:52:01,6,40001,2,1.0,1
2026-08-12 05:52:02,6,40001,2,1.0,1
2026-08-12 05:52:02,6,40001,2,0.0,1
2026-08-12 05:52:03,6,40001,2,1.0,1
2026-08-12 05:52:03,6,40001,2,0.0,1
2026-08-12 05:52:04,6,40001,2,1.0,1
2026-08-12 05:52:04,6,40001,2,0.0,1
2026-08-12 05:52:05,6,40001,2,1.0,1
2026-08-12 05:52:05,6,40001,2,0.0,1
2026-08-12 05:52:06,6,40001,2,1.0,1
2026-08-12 05:52:06,6,40001,2,0.0,1
2026-08-12 05:52:07,6,40001,2,1.0,1
2026-08-12 05:52:07,6,40001,2,0.0,1
2026-08-12 05:52:08,6,40001,2,1.0,1
2026-08-12 05:52:08,6,40001,2,0.0,1
2026-08-12 05:52:09,6,40001,2,1.0,1
2026-08-12 05:52:09,6,40001,2,0.0,1
2026-08-12 05:52:10,6,40001,2,1.0,1
2026-08-12 05:52:10,6,40001,2,0.0,1
2026-08-12 05:52:11,6,40001,2,1.0,1
2026-08-12 05:52:11,6,40001,2,0.0,1
2026-08-12 05:52:12,6,40001,2,1.0,1
2026-08-12 05:52:12,6,40001,2,0.0,1
2026-08-12 05:52:13,6,40001,2,1.0,1
2026-08-12 05:52:13,6,40001,2,0.0,1
2026-08-12 05:52:14,6,40001,2,1.0,1
2026-08-12 05:52:14,6,40001,2,0.0,1
2026-08-12 05:52:15,6,40001,2,1.0,1
2026-08-12 05:52:15,6,40001,2,0.0,1
2026-08-12 05:52:16,6,40001,2,1.0,1
2026-08-12 05:52:16,6,40001,2,0.0,1
2026-08-12 05:52:17,6,40001,2,1.0,1
2026-08-12 05:52:17,6,40001,2,0.0,1
2026-08-12 05:52:18,6,40001,2,1.0,1
2026-08-12 05:52:18,6,40001,2,0.0,1
2026-08-12 05:52:19,6,40001,2,1.0,1
2026-08-12 05:52:19,6,40001,2,0.0,1
2026-08-12 05:52:20,6,40001,2,1.0,1
2026-08-12 05:52:20,6,40001,2,0.0,1
2026-08-12 05:52:21,6,40001,2,1.0,1
2026-08-12 05:52:21,6,40001,2,0.0,1
2026-08-12 05:52:22,6,40001,2,1.0,1
2026-08-12 05:52:22,6,40001,2,0.0,1
2026-08-12 05:52:23,6,40001,2,1.0,1
2026-08-12 05:52:23,6,40001,2,0.0,1
2026-08-12 05:52:24,6,40001,2,1.0,1
2026-08-12 05:52:24,6,40001,2,0.0,1
2026-08-12 05:52:25,6,40001,2,1.0,1
2026-08-12 05:52:25,6,40001,2,0.0,1
2026-08-12 05:52:26,6,40001,2,1.0,1
2026-08-12 05:52:26,6,40001,2,0.0,1
2026-08-12 05:52:27,6,40001,2,1.0,1
2026-08-12 05:52:28,6,40001,2,1.0,1
2026-08-12 05:52:28,6,40001,2,0.0,1
2026-08-12 05:52:29,6,40001,2,1.0,1
2026-08-12 05:52:29,6,40001,2,0.0,1
2026-08-12 05:52:30,6,40001,2,1.0,1
2026-08-12 05:52:30,6,40001,2,0.0,1
2026-08-12 05:52:31,6,40001,2,1.0,1
2026-08-12 05:52:31,6,40001,2,0.0,1
2026-08-12 05:52:32,6,40001,2,1.0,1
2026-08-12 05:52:32,6,40001,2,0.0,1
2026-08-12 05:52:33,6,40001,2,1.0,1
2026-08-12 05:52:33,6,40001,2,0.0,1
2026-08-12 05:52:34,6,40001,2,1.0,1
2026-08-12 05:52:34,6,40001,2,0.0,1
2026-08-12 05:52:35,6,40001,2,1.0,1
2026-08-12 05:52:35,6,40001,2,0.0,1
2026-08-12 05:52:36,6,40001,2,1.0,1
2026-08-12 05:52:36,6,40001,2,0.0,1
2026-08-12 05:52:37,6,40001,2,1.0,1
2026-08-12 05:52:37,6,40001,2,0.0,1
2026-08-12 05:52:38,6,40001,2,1.0,1
2026-08-12 05:52:38,6,40001,2,0.0,1
2026-08-12 05:52:39,6,40001,2,1.0,1
2026-08-12 05:52:39,6,40001,2,0.0,1
2026-08-12 05:52:40,6,40001,2,1.0,1
2026-08-12 05:52:40,6,40001,2,0.0,1
2026-08-12 05:52:41,6,40001,2,1.0,1
2026-08-12 05:52:41,6,40001,2,0.0,1
2026-08-12 05:52:42,6,40001,2,1.0,1
2026-08-12 05:52:42,6,40001,2,0.0,1
2026-08-12 05:52:43,6,40001,2,1.0,1
2026-08-12 05:52:43,6,40001,2,0.0,1
2026-08-12 05:52:44,6,40001,2,1.0,1
2026-08-12 05:52:44,6,40001,2,0.0,1
2026-08-12 05:52:45,6,40001,2,1.0,1
2026-08-12 05:52:45,6,40001,2,0.0,1
2026-08-12 05:52:46,6,40001,2,1.0,1
2026-08-12 05:52:46,6,40001,2,0.0,1
2026-08-12 05:52:47,6,40001,2,1.0,1
2026-08-12 05:52:47,6,40001,2,0.0,1
2026-08-12 05:52:48,6,40001,2,1.0,1
2026-08-12 05:52:48,6,40001,2,0.0,1
2026-08-12 05:52:49,6,40001,2,1.0,1
2026-08-12 05:52:49,6,40001,2,0.0,1
2026-08-12 05:52:50,6,40001,2,1.0,1
2026-08-12 05:52:51,6,40001,2,1.0,1
2026-08-12 05:52:51,6,40001,2,0.0,1
2026-08-12 05:52:52,6,40001,2,1.0,1
2026-08-12 05:52:52,6,40001,2,0.0,1
2026-08-12 05:52:53,6,40001,2,1.0,1
2026-08-12 05:52:53,6,40001,2,0.0,1
2026-08-12 05:52:54,6,40001,2,1.0,1
2026-08-12 05:52:54,6,40001,2,0.0,1
2026-08-12 05:52:55,6,40001,2,1.0,1
2026-08-12 05:52:55,6,40001,2,0.0,1
2026-08-12 05:52:56,6,40001,2,1.0,1
2026-08-12 05:52:56,6,40001,2,0.0,1
2026-08-12 05:52:57,6,40001,2,1.0,1
2026-08-12 05:52:57,6,40001,2,0.0,1
2026-08-12 05:52:58,6,40001,2,1.0,1
2026-08-12 05:52:58,6,40001,2,0.0,1
2026-08-12 05:52:59,6,40001,2,1.0,1
2026-08-12 05:52:59,6,40001,2,0.0,1
2026-08-12 05:53:00,6,40001,2,1.0,1
2026-08-12 05:53:00,6,40001,2,0.0,1
2026-08-12 05:53:01,6,40001,2,1.0,1
2026-08-12 05:53:01,6,40001,2,0.0,1
2026-08-12 05:53:02,6,40001,2,1.0,1
2026-08-12 05:53:02,6,40001,2,0.0,1
2026-08-12 05:53:03,6,40001,2,1.0,1
2026-08-12 05:53:03,6,40001,2,0.0,1
2026-08-12 05:53:04,6,40001,2,1.0,1
2026-08-12 05:53:04,6,40001,2,0.0,1
2026-08-12 05:53:05,6,40001,2,1.0,1
2026-08-12 05:53:05,6,40001,2,0.0,1
2026-08-12 05:53:06,6,40001,2,1.0,1
2026-08-12 05:53:06,6,40001,2,0.0,1
2026-08-12 05:53:07,6,40001,2,1.0,1
2026-08-12 05:53:07,6,40001,2,0.0,1
2026-08-12 05:53:08,6,40001,2,1.0,1
2026-08-12 05:53:08,6,40001,2,0.0,1
2026-08-12 05:53:09,6,40001,2,1.0,1
2026-08-12 05:53:09,6,40001,2,0.0,1
2026-08-12 05:53:10,6,40001,2,1.0,1
2026-08-12 05:53:10,6,40001,2,0.0,1
2026-08-12 05:53:11,6,40001,2,1.0,1
2026-08-12 05:53:11,6,40001,2,0.0,1
2026-08-12 05:53:12,6,40001,2,1.0,1
2026-08-12 05:53:12,6,40001,2,0.0,1
2026-08-12 05:53:13,6,40001,2,1.0,1
2026-08-12 05:53:13,6,40001,2,0.0,1
2026-08-12 05:53:14,6,40001,2,1.0,1
2026-08-12 05:53:14,6,40001,2,0.0,1
2026-08-12 05:53:15,6,40001,2,1.0,1
2026-08-12 05:53:15,6,40001,2,0.0,1
2026-08-12 05:53:16,6,40001,2,1.0,1
2026-08-12 05:53:16,6,40001,2,0.0,1
2026-08-12 05:53:17,6,40001,2,1.0,1
2026-08-12 05:53:17,6,40001,2,0.0,1
2026-08-12 05:53:18,6,40001,2,1.0,1
2026-08-12 05:53:19,6,40001,2,1.0,1
2026-08-12 05:53:19,6,40001,2,0.0,1
2026-08-12 05:53:20,6,40001,2,1.0,1
2026-08-12 05:53:20,6,40001,2,0.0,1
2026-08-12 05:53:21,6,40001,2,1.0,1
2026-08-12 05:53:21,6,40001,2,0.0,1
2026-08-12 05:53:22,6,40001,2,1.0,1
2026-08-12 05:53:22,6,40001,2,0.0,1
2026-08-12 05:53:23,6,40001,2,1.0,1
2026-08-12 05:53:23,6,40001,2,0.0,1
2026-08-12 05:53:24,6,40001,2,1.0,1
2026-08-12 05:53:24,6,40001,2,0.0,1
2026-08-12 05:53:25,6,40001,2,1.0,1
2026-08-12 05:53:25,6,40001,2,0.0,1
2026-08-12 05:53:26,6,40001,2,1.0,1
2026-08-12 05:53:26,6,40001,2,0.0,1
2026-08-12 05:53:27,6,40001,2,1.0,1
2026-08-12 05:53:27,6,40001,2,0.0,1
2026-08-12 05:53:28,6,40001,2,1.0,1
2026-08-12 05:53:28,6,40001,2,0.0,1
2026-08-12 05:53:29,6,40001,2,1.0,1
2026-08-12 05:53:29,6,40001,2,0.0,1
2026-08-12 05:53:30,6,40001,2,1.0,1
2026-08-12 05:53:30,6,40001,2,0.0,1
2026-08-12 05:53:31,6,40001,2,1.0,1
2026-08-12 05:53:31,6,40001,2,0.0,1
2026-08-12 05:53:32,6,40001,2,1.0,1
2026-08-12 05:53:32,6,40001,2,0.0,1
2026-08-12 05:53:33,6,40001,2,1.0,1
2026-08-12 05:53:33,6,40001,2,0.0,1
2026-08-12 05:53:34,6,40001,2,1.0,1
2026-08-12 05:53:34,6,40001,2,0.0,1
2026-08-12 05:53:35,6,40001,2,1.0,1
2026-08-12 05:53:35,6,40001,2,0.0,1
2026-08-12 05:53:36,6,40001,2,1.0,1
2026-08-12 05:53:36,6,40001,2,0.0,1
2026-08-12 05:53:37,6,40001,2,1.0,1
2026-08-12 05:53:37,6,40001,2,0.0,1
2026-08-12 05:53:38,6,40001,2,1.0,1
2026-08-12 05:53:38,6,40001,2,0.0,1
2026-08-12 05:53:39,6,40001,2,1.0,1
2026-08-12 05:53:39,6,40001,2,0.0,1
2026-08-12 05:53:40,6,40001,2,1.0,1
2026-08-12 05:53:40,6,40001,2,0.0,1
2026-08-12 05:53:41,6,40001,2,1.0,1
2026-08-12 05:53:41,6,40001,2,0.0,1
2026-08-12 05:53:42,6,40001,2,1.0,1
2026-08-12 05:53:42,6,40001,2,0.0,1
2026-08-12 05:53:43,6,40001,2,1.0,1
2026-08-12 05:53:43,6,40001,2,0.0,1
2026-08-12 05:53:44,6,40001,2,1.0,1
2026-08-12 05:53:44,6,40001,2,0.0,1
2026-08-12 05:53:45,6,40001,2,1.0,1
2026-08-12 05:53:45,6,40001,2,0.0,1
2026-08-12 05:53:46,6,40001,2,1.0,1
2026-08-12 05:53:46,6,40001,2,0.0,1
2026-08-12 05:53:47,6,40001,2,1.0,1
2026-08-12 05:53:47,6,40001,2,0.0,1
2026-08-12 05:53:48,6,40001,2,1.0,1
2026-08-12 05:53:48,6,40001,2,0.0,1
2026-08-12 05:53:49,6,40001,2,1.0,1
2026-08-12 05:53:49,6,40001,2,0.0,1
2026-08-12 05:53:50,6,40001,2,1.0,1
2026-08-12 05:53:50,6,40001,2,0.0,1
2026-08-12 05:53:51,6,40001,2,1.0,1
2026-08-12 05:53:51,6,40001,2,0.0,1
2026-08-12 05:53:52,6,40001,2,1.0,1
2026-08-12 05:53:52,6,40001,2,0.0,1
2026-08-12 05:53:53,6,40001,2,1.0,1
2026-08-12 05:53:53,6,40001,2,0.0,1
2026-08-12 05:53:54,6,40001,2,1.0,1
2026-08-12 05:53:54,6,40001,2,0.0,1
2026-08-12 05:53:55,6,40001,2,1.0,1
2026-08-12 05:53:56,6,40001,2,1.0,1
2026-08-12 05:53:56,6,40001,2,0.0,1
2026-08-12 05:53:57,6,40001,2,1.0,1
2026-08-12 05:53:57,6,40001,2,0.0,1
2026-08-12 05:53:58,6,40001,2,1.0,1
2026-08-12 05:53:58,6,40001,2,0.0,1
2026-08-12 05:53:59,6,40001,2,1.0,1
2026-08-12 05:53:59,6,40001,2,0.0,1
2026-08-12 05:54:00,6,40001,2,1.0,1
2026-08-12 05:54:00,6,40001,2,0.0,1
2026-08-12 05:54:01,6,40001,2,1.0,1
2026-08-12 05:54:01,6,40001,2,0.0,1
2026-08-12 05:54:02,6,40001,2,1.0,1
2026-08-12 05:54:02,6,40001,2,0.0,1
2026-08-12 05:54:03,6,40001,2,1.0,1
2026-08-12 05:54:03,6,40001,2,0.0,1
2026-08-12 05:54:04,6,40001,2,1.0,1
2026-08-12 05:54:04,6,40001,2,0.0,1
2026-08-12 05:54:05,6,40001,2,1.0,1
2026-08-12 05:54:05,6,40001,2,0.0,1
2026-08-12 05:54:06,6,40001,2,1.0,1
2026-08-12 05:54:06,6,40001,2,0.0,1
2026-08-12 05:54:07,6,40001,2,1.0,1
2026-08-12 05:54:07,6,40001,2,0.0,1
2026-08-12 05:54:08,6,40001,2,1.0,1
2026-08-12 05:54:08,6,40001,2,0.0,1
2026-08-12 05:54:09,6,40001,2,1.0,1
2026-08-12 05:54:09,6,40001,2,0.0,1
2026-08-12 05:54:10,6,40001,2,1.0,1
2026-08-12 05:54:10,6,40001,2,0.0,1
2026-08-12 05:54:11,6,40001,2,1.0,1
2026-08-12 05:54:11,6,40001,2,0.0,1
2026-08-12 05:54:12,6,40001,2,1.0,1
2026-08-12 05:54:12,6,40001,2,0.0,1
2026-08-12 05:54:13,6,40001,2,1.0,1
2026-08-12 05:54:13,6,40001,2,0.0,1
2026-08-12 05:54:14,6,40001,2,1.0,1
2026-08-12 05:54:14,6,40001,2,0.0,1
2026-08-12 05:54:15,6,40001,2,1.0,1
2026-08-12 05:54:15,6,40001,2,0.0,1
2026-08-12 05:54:16,6,40001,2,1.0,1
2026-08-12 05:54:16,6,40001,2,0.0,1
2026-08-12 05:54:17,6,40001,2,1.0,1
2026-08-12 05:54:17,6,40001,2,0.0,1
2026-08-12 05:54:18,6,40001,2,1.0,1
2026-08-12 05:54:18,6,40001,2,0.0,1
2026-08-12 05:54:19,6,40001,2,1.0,1
2026-08-12 05:54:19,6,40001,2,0.0,1
2026-08-12 05:54:20,6,40001,2,1.0,1
2026-08-12 05:54:20,6,40001,2,0.0,1
2026-08-12 05:54:21,6,40001,2,1.0,1
2026-08-12 05:54:21,6,40001,2,0.0,1
2026-08-12 05:54:22,6,40001,2,1.0,1
2026-08-12 05:54:22,6,40001,2,0.0,1
2026-08-12 05:54:23,6,40001,2,1.0,1
2026-08-12 05:54:23,6,40001,2,0.0,1
2026-08-12 05:54:24,6,40001,2,1.0,1
2026-08-12 05:54:24,6,40001,2,0.0,1
2026-08-12 05:54:25,6,40001,2,1.0,1
2026-08-12 05:54:25,6,40001,2,0.0,1
2026-08-12 05:54:26,6,40001,2,1.0,1
2026-08-12 05:54:27,6,40001,2,1.0,1
2026-08-12 05:54:27,6,40001,2,0.0,1
2026-08-12 05:54:28,6,40001,2,1.0,1
2026-08-12 05:54:28,6,40001,2,0.0,1
2026-08-12 05:54:29,6,40001,2,1.0,1
2026-08-12 05:54:29,6,40001,2,0.0,1
2026-08-12 05:54:30,6,40001,2,1.0,1
2026-08-12 05:54:30,6,40001,2,0.0,1
2026-08-12 05:54:31,6,40001,2,1.0,1
2026-08-12 05:54:31,6,40001,2,0.0,1
2026-08-12 05:54:32,6,40001,2,1.0,1
2026-08-12 05:54:32,6,40001,2,0.0,1
2026-08-12 05:54:33,6,40001,2,1.0,1
2026-08-12 05:54:33,6,40001,2,0.0,1
2026-08-12 05:54:34,6,40001,2,1.0,1
2026-08-12 05:54:34,6,40001,2,0.0,1
2026-08-12 05:54:35,6,40001,2,1.0,1
2026-08-12 05:54:35,6,40001,2,0.0,1
2026-08-12 05:54:36,6,40001,2,1.0,1
2026-08-12 05:54:36,6,40001,2,0.0,1
2026-08-12 05:54:37,6,40001,2,1.0,1
2026-08-12 05:54:37,6,40001,2,0.0,1
2026-08-12 05:54:38,6,40001,2,1.0,1
2026-08-12 05:54:38,6,40001,2,0.0,1
2026-08-12 05:54:39,6,40001,2,1.0,1
2026-08-12 05:54:39,6,40001,2,0.0,1
2026-08-12 05:54:40,6,40001,2,1.0,1
2026-08-12 05:54:40,6,40001,2,0.0,1
2026-08-12 05:54:41,6,40001,2,1.0,1
2026-08-12 05:54:41,6,40001,2,0.0,1
2026-08-12 05:54:42,6,40001,2,1.0,1
2026-08-12 05:54:42,6,40001,2,0.0,1
2026-08-12 05:54:43,6,40001,2,1.0,1
2026-08-12 05:54:43,6,40001,2,0.0,1
2026-08-12 05:54:44,6,40001,2,1.0,1
2026-08-12 05:54:44,6,40001,2,0.0,1
2026-08-12 05:54:45,6,40001,2,1.0,1
2026-08-12 05:54:45,6,40001,2,0.0,1
2026-08-12 05:54:46,6,40001,2,1.0,1
2026-08-12 05:54:46,6,40001,2,0.0,1
2026-08-12 05:54:47,6,40001,2,1.0,1
2026-08-12 05:54:47,6,40001,2,0.0,1
2026-08-12 05:54:48,6,40001,2,1.0,1
2026-08-12 05:54:48,6,40001,2,0.0,1
2026-08-12 05:54:49,6,40001,2,1.0,1
2026-08-12 05:54:49,6,40001,2,0.0,1
2026-08-12 05:54:50,6,40001,2,1.0,1
2026-08-12 05:54:50,6,40001,2,0.0,1
2026-08-12 05:54:51,6,40001,2,1.0,1
2026-08-12 05:54:51,6,40001,2,0.0,1
2026-08-12 05:54:52,6,40001,2,1.0,1
2026-08-12 05:54:52,6,40001,2,0.0,1
2026-08-12 05:54:53,6,40001,2,1.0,1
2026-08-12 05:54:54,6,40001,2,1.0,1
2026-08-12 05:54:54,6,40001,2,0.0,1
2026-08-12 05:54:55,6,40001,2,1.0,1
2026-08-12 05:54:55,6,40001,2,0.0,1
2026-08-12 05:54:56,6,40001,2,1.0,1
2026-08-12 05:54:56,6,40001,2,0.0,1
2026-08-12 05:54:57,6,40001,2,1.0,1
2026-08-12 05:54:57,6,40001,2,0.0,1
2026-08-12 05:54:58,6,40001,2,1.0,1
2026-08-12 05:54:58,6,40001,2,0.0,1
2026-08-12 05:54:59,6,40001,2,1.0,1
2026-08-12 05:54:59,6,40001,2,0.0,1
2026-08-12 05:55:00,6,40001,2,1.0,1
2026-08-12 05:55:00,6,40001,2,0.0,1
2026-08-12 05:55:01,6,40001,2,1.0,1
2026-08-12 05:55:01,6,40001,2,0.0,1
2026-08-28 05:45:28,6,40001,2,0.0,1
2026-08-28 05:45:28,6,40001,2,0.0,1
2026-08-28 05:45:29,6,40001,2,1.0,1
2026-08-28 05:45:29,6,40001,2,0.0,1
2026-08-28 05:45:30,6,40001,2,1.0,1
2026-08-28 05:45:30,6,40001,2,0.0,1
2026-08-28 05:45:30,6,40001,2,0.0,1
2026-08-28 05:45:31,6,40001,2,1.0,1
2026-08-28 05:45:31,6,40001,2,0.0,1
2026-08-28 05:45:31,6,40001,2,0.0,1
2026-08-28 05:45:32,6,40001,2,1.0,1
2026-08-28 05:45:32,6,40001,2,0.0,1
2026-08-28 05:45:32,6,40001,2,0.0,1
2026-08-28 05:45:33,6,40001,2,1.0,1
2026-08-28 05:45:33,6,40001,2,0.0,1
2026-08-28 05:45:33,6,40001,2,0.0,1
2026-08-28 05:45:34,6,40001,2,1.0,1
2026-08-28 05:45:35,6,40001,2,1.0,1
2026-08-28 05:45:35,6,40001,2,0.0,1
2026-08-28 05:45:35,6,40001,2,0.0,1
2026-08-28 05:45:35,6,40001,2,0.0,1
2026-08-28 05:45:36,6,40001,2,1.0,1
2026-08-28 05:45:36,6,40001,2,0.0,1
2026-08-28 05:45:36,6,40001,2,0.0,1
2026-08-28 05:45:37,6,40001,2,1.0,1
2026-08-28 05:45:37,6,40001,2,0.0,1
2026-08-28 05:45:38,6,40001,2,1.0,1
2026-08-28 05:45:38,6,40001,2,0.0,1
2026-08-28 05:45:38,6,40001,2,0.0,1
2026-08-28 05:45:38,6,40001,2,0.0,1
2026-08-28 05:45:39,6,40001,2,1.0,1
2026-08-28 05:45:39,6,40001,2,0.0,1
2026-08-28 05:45:39,6,40001,2,0.0,1
2026-08-28 05:45:40,6,40001,2,1.0,1
2026-08-28 05:45:40,6,40001,2,0.0,1
2026-08-28 05:45:40,6,40001,2,0.0,1
2026-08-28 05:45:41,6,40001,2,1.0,1
2026-08-28 05:45:41,6,40001,2,0.0,1
2026-08-28 05:45:41,6,40001,2,0.0,1
2026-08-28 05:45:42,6,40001,2,1.0,1
2026-08-28 05:45:42,6,40001,2,0.0,1
2026-08-28 05:45:43,6,40001,2,1.0,1
2026-08-28 05:45:43,6,40001,2,0.0,1
2026-08-28 05:45:43,6,40001,2,0.0,1
2026-08-28 05:45:44,6,40001,2,1.0,1
2026-08-28 05:45:44,6,40001,2,0.0,1
2026-08-28 05:45:44,6,40001,2,0.0,1
2026-08-28 05:45:45,6,40001,2,1.0,1
2026-08-28 05:45:45,6,40001,2,0.0,1
2026-08-28 05:45:45,6,40001,2,0.0,1
2026-08-28 05:45:45,6,40001,2,0.0,1
2026-08-28 05:45:46,6,40001,2,1.0,1
2026-08-28 05:45:46,6,40001,2,0.0,1
2026-08-28 05:45:46,6,40001,2,0.0,1
2026-08-28 05:45:47,6,40001,2,1.0,1
2026-08-28 05:45:47,6,40001,2,0.0,1
2026-08-28 05:45:47,6,40001,2,0.0,1
2026-08-28 05:45:48,6,40001,2,1.0,1
2026-08-28 05:45:48,6,40001,2,0.0,1
2026-08-28 05:45:48,6,40001,2,0.0,1
2026-08-28 05:45:49,6,40001,2,1.0,1
2026-08-28 05:45:49,6,40001,2,0.0,1
2026-08-28 05:45:49,6,40001,2,0.0,1
2026-08-28 05:45:50,6,40001,2,1.0,1
2026-08-28 05:45:50,6,40001,2,0.0,1
2026-08-28 05:45:50,6,40001,2,0.0,1
2026-08-28 05:45:51,6,40001,2,1.0,1
2026-08-28 05:45:51,6,40001,2,0.0,1
2026-08-28 05:45:51,6,40001,2,0.0,1
2026-08-28 05:45:52,6,40001,2,1.0,1
2026-08-28 05:45:52,6,40001,2,0.0,1
2026-08-28 05:45:52,6,40001,2,0.0,1
2026-08-28 05:45:52,6,40001,2,0.0,1
2026-08-28 05:45:53,6,40001,2,1.0,1
2026-08-28 05:45:53,6,40001,2,0.0,1
2026-08-28 05:45:53,6,40001,2,0.0,1
2026-08-28 05:45:54,6,40001,2,1.0,1
2026-08-28 05:45:54,6,40001,2,0.0,1
2026-08-28 05:45:54,6,40001,2,0.0,1
2026-08-28 05:45:55,6,40001,2,1.0,1
2026-08-28 05:45:55,6,40001,2,0.0,1
2026-08-28 05:45:55,6,40001,2,0.0,1
2026-08-28 05:45:56,6,40001,2,1.0,1
2026-08-28 05:45:56,6,40001,2,0.0,1
2026-08-28 05:45:56,6,40001,2,0.0,1
2026-08-28 05:45:57,6,40001,2,1.0,1
2026-08-28 05:45:57,6,40001,2,0.0,1
2026-08-28 05:45:57,6,40001,2,0.0,1
2026-08-28 05:45:58,6,40001,2,1.0,1
2026-08-28 05:45:58,6,40001,2,0.0,1
2026-08-28 05:45:58,6,40001,2,0.0,1
2026-08-28 05:45:58,6,40001,2,0.0,1
2026-08-28 05:45:59,6,40001,2,1.0,1
2026-08-28 05:45:59,6,40001,2,0.0,1
2026-08-28 05:45:59,6,40001,2,0.0,1
2026-08-28 05:46:00,6,40001,2,1.0,1
2026-08-28 05:46:00,6,40001,2,0.0,1
2026-08-28 05:46:00,6,40001,2,0.0,1
2026-08-28 05:46:01,6,40001,2,1.0,1
2026-08-28 05:46:01,6,40001,2,0.0,1
2026-08-28 05:46:02,6,40001,2,1.0,1
2026-08-28 05:46:02,6,40001,2,0.0,1
2026-08-28 05:46:02,6,40001,2,0.0,1
2026-08-28 05:46:03,6,40001,2,1.0,1
2026-08-28 05:46:03,6,40001,2,0.0,1
2026-08-28 05:46:04,6,40001,2,1.0,1
2026-08-28 05:46:05,6,40001,2,1.0,1
2026-08-28 05:46:05,6,40001,2,0.0,1
2026-08-28 05:46:05,6,40001,2,0.0,1
2026-08-28 05:46:06,6,40001,2,1.0,1
2026-08-28 05:46:06,6,40001,2,0.0,1
2026-08-28 05:46:06,6,40001,2,0.0,1
2026-08-28 05:46:07,6,40001,2,1.0,1
2026-08-28 05:46:07,6,40001,2,0.0,1
2026-08-28 05:46:07,6,40001,2,0.0,1
2026-08-28 05:46:08,6,40001,2,1.0,1
2026-08-28 05:46:08,6,40001,2,0.0,1
2026-08-28 05:46:08,6,40001,2,0.0,1
2026-08-28 05:46:09,6,40001,2,1.0,1
2026-08-28 05:46:09,6,40001,2,0.0,1
2026-08-28 05:46:09,6,40001,2,0.0,1
2026-08-28 05:46:09,6,40001,2,0.0,1
2026-08-28 05:46:10,6,40001,2,1.0,1
2026-08-28 05:46:10,6,40001,2,0.0,1
2026-08-28 05:46:10,6,40001,2,0.0,1
2026-08-28 05:46:11,6,40001,2,1.0,1
2026-08-28 05:46:11,6,40001,2,0.0,1
2026-08-28 05:46:11,6,40001,2,0.0,1
2026-08-28 05:46:12,6,40001,2,1.0,1
2026-08-28 05:46:12,6,40001,2,0.0,1
2026-08-28 05:46:12,6,40001,2,0.0,1
2026-08-28 05:46:13,6,40001,2,1.0,1
2026-08-28 05:46:13,6,40001,2,0.0,1
2026-08-28 05:46:13,6,40001,2,0.0,1
2026-08-28 05:46:14,6,40001,2,1.0,1
2026-08-28 05:46:14,6,40001,2,0.0,1
2026-08-28 05:46:14,6,40001,2,0.0,1
2026-08-28 05:46:15,6,40001,2,1.0,1
2026-08-28 05:46:15,6,40001,2,0.0,1
2026-08-28 05:46:15,6,40001,2,0.0,1
2026-08-28 05:46:16,6,40001,2,1.0,1
2026-08-28 05:46:16,6,40001,2,0.0,1
2026-08-28 05:46:16,6,40001,2,0.0,1
2026-08-28 05:46:16,6,40001,2,0.0,1
2026-08-28 05:46:17,6,40001,2,1.0,1
2026-08-28 05:46:17,6,40001,2,0.0,1
2026-08-28 05:46:17,6,40001,2,0.0,1
2026-08-28 05:46:19,6,40001,2,2.0,1
2026-08-28 05:46:19,6,40001,2,0.0,1
2026-08-28 05:46:19,6,40001,2,0.0,1
2026-08-28 05:46:20,6,40001,2,1.0,1
2026-08-28 05:46:20,6,40001,2,0.0,1
2026-08-28 05:46:20,6,40001,2,0.0,1
2026-08-28 05:46:21,6,40001,2,1.0,1
2026-08-28 05:46:21,6,40001,2,0.0,1
2026-08-28 05:46:21,6,40001,2,0.0,1
2026-08-28 05:46:21,6,40001,2,0.0,1
2026-08-28 05:46:22,6,40001,2,1.0,1
2026-08-28 05:46:22,6,40001,2,0.0,1
2026-08-28 05:46:22,6,40001,2,0.0,1
2026-08-28 05:46:23,6,40001,2,1.0,1
2026-08-28 05:46:23,6,40001,2,0.0,1
2026-08-28 05:46:23,6,40001,2,0.0,1
2026-08-28 05:46:24,6,40001,2,1.0,1
2026-08-28 05:46:24,6,40001,2,0.0,1
2026-08-28 05:46:24,6,40001,2,0.0,1
2026-08-28 05:46:25,6,40001,2,1.0,1
2026-08-28 05:46:25,6,40001,2,0.0,1
2026-08-28 05:46:25,6,40001,2,0.0,1
2026-08-28 05:46:26,6,40001,2,1.0,1
2026-08-28 05:46:26,6,40001,2,0.0,1
2026-08-28 05:46:26,6,40001,2,0.0,1
2026-08-28 05:46:27,6,40001,2,1.0,1
2026-08-28 05:46:27,6,40001,2,0.0,1
2026-08-28 05:46:27,6,40001,2,0.0,1
2026-08-28 05:46:28,6,40001,2,1.0,1
2026-08-28 05:46:28,6,40001,2,0.0,1
2026-08-28 05:46:28,6,40001,2,0.0,1
2026-08-28 05:46:29,6,40001,2,1.0,1
2026-08-28 05:46:29,6,40001,2,0.0,1
2026-08-28 05:46:29,6,40001,2,0.0,1
2026-08-28 05:46:30,6,40001,2,1.0,1
2026-08-28 05:46:30,6,40001,2,0.0,1
2026-08-28 05:46:30,6,40001,2,0.0,1
2026-08-28 05:46:31,6,40001,2,1.0,1
2026-08-28 05:46:31,6,40001,2,0.0,1
2026-08-28 05:46:32,6,40001,2,1.0,1
2026-08-28 05:46:32,6,40001,2,0.0,1
2026-08-28 05:46:32,6,40001,2,0.0,1
2026-08-28 05:46:32,6,40001,2,0.0,1
2026-08-28 05:46:33,6,40001,2,1.0,1
2026-08-28 05:46:33,6,40001,2,0.0,1
2026-08-28 05:46:33,6,40001,2,0.0,1
2026-08-28 05:46:34,6,40001,2,1.0,1
2026-08-28 05:46:34,6,40001,2,0.0,1
2026-08-28 05:46:35,6,40001,2,1.0,1
2026-08-28 05:46:35,6,40001,2,0.0,1
2026-08-28 05:46:35,6,40001,2,0.0,1
2026-08-28 05:46:36,6,40001,2,1.0,1
2026-08-28 05:46:36,6,40001,2,0.0,1
2026-08-28 05:46:36,6,40001,2,0.0,1
2026-08-28 05:46:37,6,40001,2,1.0,1
2026-08-28 05:46:37,6,40001,2,0.0,1
2026-08-28 05:46:37,6,40001,2,0.0,1
2026-08-28 05:46:38,6,40001,2,1.0,1
2026-08-28 05:46:38,6,40001,2,0.0,1
2026-08-28 05:46:38,6,40001,2,0.0,1
2026-08-28 05:46:39,6,40001,2,1.0,1
2026-08-28 05:46:39,6,40001,2,0.0,1
2026-08-28 05:46:39,6,40001,2,0.0,1
2026-08-28 05:46:39,6,40001,2,0.0,1
2026-08-28 05:46:40,6,40001,2,1.0,1
2026-08-28 05:46:40,6,40001,2,0.0,1
2026-08-28 05:46:40,6,40001,2,0.0,1
2026-08-28 05:46:41,6,40001,2,1.0,1
2026-08-28 05:46:41,6,40001,2,0.0,1
2026-08-28 05:46:41,6,40001,2,0.0,1
2026-08-28 05:46:42,6,40001,2,1.0,1
2026-08-28 05:46:42,6,40001,2,0.0,1
2026-08-28 05:46:42,6,40001,2,0.0,1
2026-08-28 05:46:42,6,40001,2,0.0,1
2026-08-28 05:46:43,6,40001,2,1.0,1
2026-08-28 05:46:43,6,40001,2,0.0,1
2026-08-28 05:46:44,6,40001,2,1.0,1
2026-08-28 05:46:44,6,40001,2,0.0,1
2026-08-28 05:46:44,6,40001,2,0.0,1
2026-08-28 05:46:45,6,40001,2,1.0,1
2026-08-28 05:46:45,6,40001,2,0.0,1
2026-08-28 05:46:45,6,40001,2,0.0,1
2026-08-28 05:46:46,6,40001,2,1.0,1
2026-08-28 05:46:46,6,40001,2,0.0,1
2026-08-28 05:46:46,6,40001,2,0.0,1
2026-08-28 05:46:46,6,40001,2,0.0,1
2026-08-28 05:46:47,6,40001,2,1.0,1
2026-08-28 05:46:47,6,40001,2,0.0,1
2026-08-28 05:46:47,6,40001,2,0.0,1
2026-08-28 05:46:48,6,40001,2,1.0,1
2026-08-28 05:46:48,6,40001,2,0.0,1
2026-08-28 05:46:48,6,40001,2,0.0,1
2026-08-28 05:46:49,6,40001,2,1.0,1
2026-08-28 05:46:49,6,40001,2,0.0,1
2026-08-28 05:46:49,6,40001,2,0.0,1
2026-08-28 05:46:50,6,40001,2,1.0,1
2026-08-28 05:46:50,6,40001,2,0.0,1
2026-08-28 05:46:50,6,40001,2,0.0,1
2026-08-28 05:46:51,6,40001,2,1.0,1
2026-08-28 05:46:51,6,40001,2,0.0,1
2026-08-28 05:46:51,6,40001,2,0.0,1
2026-08-28 05:46:51,6,40001,2,0.0,1
2026-08-28 05:46:52,6,40001,2,1.0,1
2026-08-28 05:46:52,6,40001,2,0.0,1
2026-08-28 05:46:52,6,40001,2,0.0,1
2026-08-28 05:46:53,6,40001,2,1.0,1
2026-08-28 05:46:53,6,40001,2,0.0,1
2026-08-28 05:46:53,6,40001,2,0.0,1
2026-08-28 05:46:54,6,40001,2,1.0,1
2026-08-28 05:46:54,6,40001,2,0.0,1
2026-08-28 05:46:54,6,40001,2,0.0,1
2026-08-28 05:46:55,6,40001,2,1.0,1
2026-08-28 05:46:55,6,40001,2,0.0,1
2026-08-28 05:46:55,6,40001,2,0.0,1
2026-08-28 05:46:55,6,40001,2,0.0,1
2026-08-28 05:46:56,6,40001,2,1.0,1
2026-08-28 05:46:56,6,40001,2,0.0,1
2026-08-28 05:46:56,6,40001,2,0.0,1
2026-08-28 05:46:57,6,40001,2,1.0,1
2026-08-28 05:46:57,6,40001,2,0.0,1
2026-08-28 05:46:57,6,40001,2,0.0,1
2026-08-28 05:46:58,6,40001,2,1.0,1
2026-08-28 05:46:58,6,40001,2,0.0,1
2026-08-28 05:46:58,6,40001,2,0.0,1
2026-08-28 05:46:59,6,40001,2,1.0,1
2026-08-28 05:46:59,6,40001,2,0.0,1
2026-08-28 05:46:59,6,40001,2,0.0,1
2026-08-28 05:46:59,6,40001,2,0.0,1
2026-08-28 05:47:00,6,40001,2,1.0,1
2026-08-28 05:47:00,6,40001,2,0.0,1
2026-08-28 05:47:00,6,40001,2,0.0,1
2026-08-28 05:47:01,6,40001,2,1.0,1
2026-08-28 05:47:01,6,40001,2,0.0,1
2026-08-28 05:47:01,6,40001,2,0.0,1
2026-08-28 05:47:02,6,40001,2,1.0,1
2026-08-28 05:47:02,6,40001,2,0.0,1
2026-08-28 05:47:02,6,40001,2,0.0,1
2026-08-28 05:47:03,6,40001,2,1.0,1
2026-08-28 05:47:03,6,40001,2,0.0,1
2026-08-28 05:47:03,6,40001,2,0.0,1
2026-08-28 05:47:04,6,40001,2,1.0,1
2026-08-28 05:47:04,6,40001,2,0.0,1
2026-08-28 05:47:04,6,40001,2,0.0,1
2026-08-28 05:47:05,6,40001,2,1.0,1
2026-08-28 05:47:05,6,40001,2,0.0,1
2026-08-28 05:47:05,6,40001,2,0.0,1
2026-08-28 05:47:05,6,40001,2,0.0,1
2026-08-28 05:47:06,6,40001,2,1.0,1
2026-08-28 05:47:06,6,40001,2,0.0,1
2026-08-28 05:47:06,6,40001,2,0.0,1
2026-08-28 05:47:07,6,40001,2,1.0,1
2026-08-28 05:47:07,6,40001,2,0.0,1
2026-08-28 05:47:07,6,40001,2,0.0,1
2026-08-28 05:47:08,6,40001,2,1.0,1
2026-08-28 05:47:08,6,40001,2,0.0,1
2026-08-28 05:47:08,6,40001,2,0.0,1
2026-08-28 05:47:09,6,40001,2,1.0,1
2026-08-28 05:47:09,6,40001,2,0.0,1
2026-08-28 05:47:09,6,40001,2,0.0,1
2026-08-28 05:47:09,6,40001,2,0.0,1
2026-08-28 05:47:10,6,40001,2,1.0,1
2026-08-28 05:47:10,6,40001,2,0.0,1
2026-08-28 05:47:10,6,40001,2,0.0,1
2026-08-28 05:47:11,6,40001,2,1.0,1
2026-08-28 05:47:11,6,40001,2,0.0,1
2026-08-28 05:47:11,6,40001,2,0.0,1
2026-08-28 05:47:12,6,40001,2,1.0,1
2026-08-28 05:47:12,6,40001,2,0.0,1
2026-08-28 05:47:13,6,40001,2,1.0,1
2026-08-28 05:47:14,6,40001,2,1.0,1
2026-08-28 05:47:14,6,40001,2,0.0,1
2026-08-28 05:47:15,6,40001,2,1.0,1
2026-08-28 05:47:15,6,40001,2,0.0,1
2026-08-28 05:47:15,6,40001,2,0.0,1
2026-08-28 05:47:16,6,40001,2,1.0,1
2026-08-28 05:47:16,6,40001,2,0.0,1
2026-08-28 05:47:16,6,40001,2,0.0,1
2026-08-28 05:47:16,6,40001,2,0.0,1
2026-08-28 05:47:17,6,40001,2,1.0,1
2026-08-28 05:47:17,6,40001,2,0.0,1
2026-08-28 05:47:17,6,40001,2,0.0,1
2026-08-28 05:47:18,6,40001,2,1.0,1
2026-08-28 05:47:18,6,40001,2,0.0,1
2026-08-28 05:47:18,6,40001,2,0.0,1
2026-08-28 05:47:19,6,40001,2,1.0,1
2026-08-28 05:47:19,6,40001,2,0.0,1
2026-08-28 05:47:19,6,40001,2,0.0,1
2026-08-28 05:47:20,6,40001,2,1.0,1
2026-08-28 05:47:20,6,40001,2,0.0,1
2026-08-28 05:47:20,6,40001,2,0.0,1
2026-08-28 05:47:21,6,40001,2,1.0,1
2026-08-28 05:47:21,6,40001,2,0.0,1
2026-08-28 05:47:21,6,40001,2,0.0,1
2026-08-28 05:47:22,6,40001,2,1.0,1
2026-08-28 05:47:22,6,40001,2,0.0,1
2026-08-28 05:47:22,6,40001,2,0.0,1
2026-08-28 05:47:22,6,40001,2,0.0,1
2026-08-28 05:47:23,6,40001,2,1.0,1
2026-08-28 05:47:23,6,40001,2,0.0,1
2026-08-28 05:47:23,6,40001,2,0.0,1
2026-08-28 05:47:24,6,40001,2,1.0,1
2026-08-28 05:47:24,6,40001,2,0.0,1
2026-08-28 05:47:24,6,40001,2,0.0,1
2026-08-28 05:47:25,6,40001,2,1.0,1
2026-08-28 05:47:25,6,40001,2,0.0,1
2026-08-28 05:47:25,6,40001,2,0.0,1
2026-08-28 05:47:26,6,40001,2,1.0,1
2026-08-28 05:47:26,6,40001,2,0.0,1
2026-08-28 05:47:26,6,40001,2,0.0,1
2026-08-28 05:47:27,6,40001,2,1.0,1
2026-08-28 05:47:27,6,40001,2,0.0,1
2026-08-28 05:47:27,6,40001,2,0.0,1
2026-08-28 05:47:27,6,40001,2,0.0,1
2026-08-28 05:47:28,6,40001,2,1.0,1
2026-08-28 05:47:28,6,40001,2,0.0,1
2026-08-28 05:47:28,6,40001,2,0.0,1
2026-08-28 05:47:29,6,40001,2,1.0,1
2026-08-28 05:47:29,6,40001,2,0.0,1
2026-08-28 05:47:29,6,40001,2,0.0,1
2026-08-28 05:47:30,6,40001,2,1.0,1
2026-08-28 05:47:30,6,40001,2,0.0,1
2026-08-28 05:47:30,6,40001,2,0.0,1
2026-08-28 05:47:31,6,40001,2,1.0,1
2026-08-28 05:47:31,6,40001,2,0.0,1
2026-08-28 05:47:31,6,40001,2,0.0,1
2026-08-28 05:47:31,6,40001,2,0.0,1
2026-08-28 05:47:32,6,40001,2,1.0,1
2026-08-28 05:47:32,6,40001,2,0.0,1
2026-08-28 05:47:32,6,40001,2,0.0,1
2026-08-28 05:47:33,6,40001,2,1.0,1
2026-08-28 05:47:33,6,40001,2,0.0,1
2026-08-28 05:47:33,6,40001,2,0.0,1
2026-08-28 05:47:34,6,40001,2,1.0,1
2026-08-28 05:47:34,6,40001,2,0.0,1
2026-08-28 05:47:34,6,40001,2,0.0,1
2026-08-28 05:47:34,6,40001,2,0.0,1
2026-08-28 05:47:35,6,40001,2,1.0,1
2026-08-28 05:47:35,6,40001,2,0.0,1
2026-08-28 05:47:35,6,40001,2,0.0,1
2026-08-28 05:47:36,6,40001,2,1.0,1
2026-08-28 05:47:36,6,40001,2,0.0,1
2026-08-28 05:47:36,6,40001,2,0.0,1
2026-08-28 05:47:37,6,40001,2,1.0,1
2026-08-28 05:47:37,6,40001,2,0.0,1
2026-08-28 05:47:37,6,40001,2,0.0,1
2026-08-28 05:47:38,6,40001,2,1.0,1
2026-08-28 05:47:38,6,40001,2,0.0,1
2026-08-28 05:47:38,6,40001,2,0.0,1
2026-08-28 05:47:39,6,40001,2,1.0,1
2026-08-28 05:47:39,6,40001,2,0.0,1
2026-08-28 05:47:39,6,40001,2,0.0,1
2026-08-28 05:47:40,6,40001,2,1.0,1
2026-08-28 05:47:40,6,40001,2,0.0,1
2026-08-28 05:47:40,6,40001,2,0.0,1
2026-08-28 05:47:41,6,40001,2,1.0,1
2026-08-28 05:47:41,6,40001,2,0.0,1
2026-08-28 05:47:41,6,40001,2,0.0,1
2026-08-28 05:47:41,6,40001,2,0.0,1
2026-08-28 05:47:42,6,40001,2,1.0,1
2026-08-28 05:47:42,6,40001,2,0.0,1
2026-08-28 05:47:42,6,40001,2,0.0,1
2026-08-28 05:47:43,6,40001,2,1.0,1
2026-08-28 05:47:43,6,40001,2,0.0,1
2026-08-28 05:47:43,6,40001,2,0.0,1
2026-08-28 05:47:44,6,40001,2,1.0,1
2026-08-28 05:47:44,6,40001,2,0.0,1
2026-08-28 05:47:44,6,40001,2,0.0,1
2026-08-28 05:47:45,6,40001,2,1.0,1
2026-08-28 05:47:45,6,40001,2,0.0,1
2026-08-28 05:47:45,6,40001,2,0.0,1
2026-08-28 05:47:46,6,40001,2,1.0,1
2026-08-28 05:47:46,6,40001,2,0.0,1
2026-08-28 05:47:46,6,40001,2,0.0,1
2026-08-28 05:47:46,6,40001,2,0.0,1
2026-08-28 05:47:47,6,40001,2,1.0,1
2026-08-28 05:47:47,6,40001,2,0.0,1
2026-08-28 05:47:47,6,40001,2,0.0,1
2026-08-28 05:47:48,6,40001,2,1.0,1
2026-08-28 05:47:48,6,40001,2,0.0,1
2026-08-28 05:47:48,6,40001,2,0.0,1
2026-08-28 05:47:49,6,40001,2,1.0,1
2026-08-28 05:47:49,6,40001,2,0.0,1
2026-08-28 05:47:49,6,40001,2,0.0,1
2026-08-28 05:47:50,6,40001,2,1.0,1
2026-08-28 05:47:50,6,40001,2,0.0,1
2026-08-28 05:47:50,6,40001,2,0.0,1
2026-08-28 05:47:50,6,40001,2,0.0,1
2026-08-28 05:47:51,6,40001,2,1.0,1
2026-08-28 05:47:51,6,40001,2,0.0,1
2026-08-28 05:47:51,6,40001,2,0.0,1
2026-08-28 05:47:52,6,40001,2,1.0,1
2026-08-28 05:47:52,6,40001,2,0.0,1
2026-08-28 05:47:53,6,40001,2,1.0,1
2026-08-28 05:47:53,6,40001,2,0.0,1
2026-08-28 05:47:53,6,40001,2,0.0,1
2026-08-28 05:47:53,6,40001,2,0.0,1
2026-08-28 05:47:54,6,40001,2,1.0,1
2026-08-28 05:47:54,6,40001,2,0.0,1
2026-08-28 05:47:54,6,40001,2,0.0,1
2026-08-28 05:47:55,6,40001,2,1.0,1
2026-08-28 05:47:55,6,40001,2,0.0,1
2026-08-28 05:47:55,6,40001,2,0.0,1
2026-08-28 05:47:56,6,40001,2,1.0,1
2026-08-28 05:47:56,6,40001,2,0.0,1
2026-08-28 05:47:56,6,40001,2,0.0,1
2026-08-28 05:47:57,6,40001,2,1.0,1
2026-08-28 05:47:57,6,40001,2,0.0,1
2026-08-28 05:47:57,6,40001,2,0.0,1
2026-08-28 05:47:57,6,40001,2,0.0,1
2026-08-28 05:47:58,6,40001,2,1.0,1
2026-08-28 05:47:58,6,40001,2,0.0,1
2026-08-28 05:47:58,6,40001,2,0.0,1
2026-08-28 05:47:59,6,40001,2,1.0,1
2026-08-28 05:47:59,6,40001,2,0.0,1
2026-08-28 05:47:59,6,40001,2,0.0,1
2026-08-28 05:48:00,6,40001,2,1.0,1
2026-08-28 05:48:00,6,40001,2,0.0,1
2026-08-28 05:48:00,6,40001,2,0.0,1
2026-08-28 05:48:01,6,40001,2,1.0,1
2026-08-28 05:48:01,6,40001,2,0.0,1
2026-08-28 05:48:01,6,40001,2,0.0,1
2026-08-28 05:48:02,6,40001,2,1.0,1
2026-08-28 05:48:02,6,40001,2,0.0,1
2026-08-28 05:48:02,6,40001,2,0.0,1
2026-08-28 05:48:03,6,40001,2,1.0,1
2026-08-28 05:48:03,6,40001,2,0.0,1
2026-08-28 05:48:03,6,40001,2,0.0,1
2026-08-28 05:48:04,6,40001,2,1.0,1
2026-08-28 05:48:04,6,40001,2,0.0,1
2026-08-28 05:48:04,6,40001,2,0.0,1
2026-08-28 05:48:05,6,40001,2,1.0,1
2026-08-28 05:48:05,6,40001,2,0.0,1
2026-08-28 05:48:05,6,40001,2,0.0,1
2026-08-28 05:48:06,6,40001,2,1.0,1
2026-08-28 05:48:06,6,40001,2,0.0,1
2026-08-28 05:48:06,6,40001,2,0.0,1
2026-08-28 05:48:06,6,40001,2,0.0,1
2026-08-28 05:48:07,6,40001,2,1.0,1
2026-08-28 05:48:07,6,40001,2,0.0,1
2026-08-28 05:48:07,6,40001,2,0.0,1
2026-08-28 05:48:08,6,40001,2,1.0,1
2026-08-28 05:48:08,6,40001,2,0.0,1
2026-08-28 05:48:08,6,40001,2,0.0,1
2026-08-28 05:48:09,6,40001,2,1.0,1
2026-08-28 05:48:09,6,40001,2,0.0,1
2026-08-28 05:48:09,6,40001,2,0.0,1
2026-08-28 05:48:10,6,40001,2,1.0,1
2026-08-28 05:48:10,6,40001,2,0.0,1
2026-08-28 05:48:10,6,40001,2,0.0,1
2026-08-28 05:48:11,6,40001,2,1.0,1
2026-08-28 05:48:11,6,40001,2,0.0,1
2026-08-28 05:48:11,6,40001,2,0.0,1
2026-08-28 05:48:12,6,40001,2,1.0,1
2026-08-28 05:48:12,6,40001,2,0.0,1
2026-08-28 05:48:12,6,40001,2,0.0,1
2026-08-28 05:48:12,6,40001,2,0.0,1
2026-08-28 05:48:13,6,40001,2,1.0,1
2026-08-28 05:48:13,6,40001,2,0.0,1
2026-08-28 05:48:14,6,40001,2,1.0,1
2026-08-28 05:48:14,6,40001,2,0.0,1
2026-08-28 05:48:14,6,40001,2,0.0,1
2026-08-28 05:48:14,6,40001,2,0.0,1
2026-08-28 05:48:15,6,40001,2,1.0,1
2026-08-28 05:48:15,6,40001,2,0.0,1
2026-08-28 05:48:15,6,40001,2,0.0,1
2026-08-28 05:48:16,6,40001,2,1.0,1
2026-08-28 05:48:16,6,40001,2,0.0,1
2026-08-28 05:48:16,6,40001,2,0.0,1
2026-08-28 05:48:17,6,40001,2,1.0,1
2026-08-28 05:48:17,6,40001,2,0.0,1
2026-08-28 05:48:17,6,40001,2,0.0,1
2026-08-28 05:48:18,6,40001,2,1.0,1
2026-08-28 05:48:18,6,40001,2,0.0,1
2026-08-28 05:48:18,6,40001,2,0.0,1
2026-08-28 05:48:19,6,40001,2,1.0,1
2026-08-28 05:48:19,6,40001,2,0.0,1
2026-08-28 05:48:19,6,40001,2,0.0,1
2026-08-28 05:48:19,6,40001,2,0.0,1
2026-08-28 05:48:20,6,40001,2,1.0,1
2026-08-28 05:48:20,6,40001,2,0.0,1
2026-08-28 05:48:20,6,40001,2,0.0,1
2026-08-28 05:48:21,6,40001,2,1.0,1
2026-08-28 05:48:21,6,40001,2,0.0,1
2026-08-28 05:48:21,6,40001,2,0.0,1
2026-08-28 05:48:22,6,40001,2,1.0,1
2026-08-28 05:48:22,6,40001,2,0.0,1
2026-08-28 05:48:22,6,40001,2,0.0,1
2026-08-28 05:48:23,6,40001,2,1.0,1
2026-08-28 05:48:23,6,40001,2,0.0,1
2026-08-28 05:48:23,6,40001,2,0.0,1
2026-08-28 05:48:24,6,40001,2,1.0,1
2026-08-28 05:48:24,6,40001,2,0.0,1
2026-08-28 05:48:24,6,40001,2,0.0,1
2026-08-28 05:48:25,6,40001,2,1.0,1
2026-08-28 05:48:25,6,40001,2,0.0,1
2026-08-28 05:48:25,6,40001,2,0.0,1
2026-08-28 05:48:25,6,40001,2,0.0,1
2026-08-28 05:48:26,6,40001,2,1.0,1
2026-08-28 05:48:26,6,40001,2,0.0,1
2026-08-28 05:48:26,6,40001,2,0.0,1
2026-08-28 05:48:27,6,40001,2,1.0,1
2026-08-28 05:48:27,6,40001,2,0.0,1
2026-08-28 05:48:27,6,40001,2,0.0,1
2026-08-28 05:48:28,6,40001,2,1.0,1
2026-08-28 05:48:28,6,40001,2,0.0,1
2026-08-28 05:48:28,6,40001,2,0.0,1
2026-08-28 05:48:29,6,40001,2,1.0,1
2026-08-28 05:48:29,6,40001,2,0.0,1
2026-08-28 05:48:29,6,40001,2,0.0,1
2026-08-28 05:48:29,6,40001,2,0.0,1
2026-08-28 05:48:30,6,40001,2,1.0,1
2026-08-28 05:48:30,6,40001,2,0.0,1
2026-08-28 05:48:30,6,40001,2,0.0,1
2026-08-28 05:48:31,6,40001,2,1.0,1
2026-08-28 05:48:31,6,40001,2,0.0,1
2026-08-28 05:48:31,6,40001,2,0.0,1
2026-08-28 05:48:32,6,40001,2,1.0,1
2026-08-28 05:48:32,6,40001,2,0.0,1
2026-08-28 05:48:32,6,40001,2,0.0,1
2026-08-28 05:48:33,6,40001,2,1.0,1
2026-08-28 05:48:33,6,40001,2,0.0,1
2026-08-28 05:48:33,6,40001,2,0.0,1
2026-08-28 05:48:34,6,40001,2,1.0,1
2026-08-28 05:48:34,6,40001,2,0.0,1
2026-08-28 05:48:34,6,40001,2,0.0,1
2026-08-28 05:48:34,6,40001,2,0.0,1
2026-08-28 05:48:35,6,40001,2,1.0,1
2026-08-28 05:48:35,6,40001,2,0.0,1
2026-08-28 05:48:35,6,40001,2,0.0,1
2026-08-28 05:48:36,6,40001,2,1.0,1
2026-08-28 05:48:36,6,40001,2,0.0,1
2026-08-28 05:48:36,6,40001,2,0.0,1
2026-08-28 05:48:37,6,40001,2,1.0,1
2026-08-28 05:48:37,6,40001,2,0.0,1
2026-08-28 05:48:37,6,40001,2,0.0,1
2026-08-28 05:48:38,6,40001,2,1.0,1
2026-08-28 05:48:38,6,40001,2,0.0,1
2026-08-28 05:48:38,6,40001,2,0.0,1
2026-08-28 05:48:39,6,40001,2,1.0,1
2026-08-28 05:48:39,6,40001,2,0.0,1
2026-08-28 05:48:39,6,40001,2,0.0,1
2026-08-28 05:48:40,6,40001,2,1.0,1
2026-08-28 05:48:40,6,40001,2,0.0,1
2026-08-28 05:48:40,6,40001,2,0.0,1
2026-08-28 05:48:41,6,40001,2,1.0,1
2026-08-28 05:48:41,6,40001,2,0.0,1
2026-08-28 05:48:41,6,40001,2,0.0,1
2026-08-28 05:48:41,6,40001,2,0.0,1
2026-08-28 05:48:42,6,40001,2,1.0,1
2026-08-28 05:48:42,6,40001,2,0.0,1
2026-08-28 05:48:42,6,40001,2,0.0,1
2026-08-28 05:48:43,6,40001,2,1.0,1
2026-08-28 05:48:43,6,40001,2,0.0,1
2026-08-28 05:48:43,6,40001,2,0.0,1
2026-08-28 05:48:44,6,40001,2,1.0,1
2026-08-28 05:48:44,6,40001,2,0.0,1
2026-08-28 05:48:44,6,40001,2,0.0,1
2026-08-28 05:48:45,6,40001,2,1.0,1
2026-08-28 05:48:45,6,40001,2,0.0,1
2026-08-28 05:48:45,6,40001,2,0.0,1
2026-08-28 05:48:46,6,40001,2,1.0,1
2026-08-28 05:48:46,6,40001,2,0.0,1
2026-08-28 05:48:46,6,40001,2,0.0,1
2026-08-28 05:48:46,6,40001,2,0.0,1
2026-08-28 05:48:47,6,40001,2,1.0,1
2026-08-28 05:48:47,6,40001,2,0.0,1
2026-08-28 05:48:47,6,40001,2,0.0,1
2026-08-28 05:48:48,6,40001,2,1.0,1
2026-08-28 05:48:48,6,40001,2,0.0,1
2026-08-28 05:48:48,6,40001,2,0.0,1
2026-08-28 05:48:49,6,40001,2,1.0,1
2026-08-28 05:48:49,6,40001,2,0.0,1
2026-08-28 05:48:49,6,40001,2,0.0,1
2026-08-28 05:48:50,6,40001,2,1.0,1
2026-08-28 05:48:50,6,40001,2,0.0,1
2026-08-28 05:48:50,6,40001,2,0.0,1
2026-08-28 05:48:50,6,40001,2,0.0,1
2026-08-28 05:48:51,6,40001,2,1.0,1
2026-08-28 05:48:51,6,40001,2,0.0,1
2026-08-28 05:48:52,6,40001,2,1.0,1
2026-08-28 05:48:52,6,40001,2,0.0,1
2026-08-28 05:48:52,6,40001,2,0.0,1
2026-08-28 05:48:53,6,40001,2,1.0,1
2026-08-28 05:48:53,6,40001,2,0.0,1
2026-08-28 05:48:53,6,40001,2,0.0,1
2026-08-28 05:48:54,6,40001,2,1.0,1
2026-08-28 05:48:54,6,40001,2,0.0,1
2026-08-28 05:48:54,6,40001,2,0.0,1
2026-08-28 05:48:55,6,40001,2,1.0,1
2026-08-28 05:48:55,6,40001,2,0.0,1
2026-08-28 05:48:55,6,40001,2,0.0,1
2026-08-28 05:48:56,6,40001,2,1.0,1
2026-08-28 05:48:56,6,40001,2,0.0,1
2026-08-28 05:48:56,6,40001,2,0.0,1
2026-08-28 05:48:57,6,40001,2,1.0,1
2026-08-28 05:48:57,6,40001,2,0.0,1
2026-08-28 05:48:57,6,40001,2,0.0,1
2026-08-28 05:48:57,6,40001,2,0.0,1
2026-08-28 05:48:58,6,40001,2,1.0,1
2026-08-28 05:48:58,6,40001,2,0.0,1
2026-08-28 05:48:58,6,40001,2,0.0,1
2026-08-28 05:48:59,6,40001,2,1.0,1
2026-08-28 05:48:59,6,40001,2,0.0,1
2026-08-28 05:48:59,6,40001,2,0.0,1
2026-08-28 05:49:00,6,40001,2,1.0,1
2026-08-28 05:49:00,6,40001,2,0.0,1
2026-08-28 05:49:00,6,40001,2,0.0,1
2026-08-28 05:49:01,6,40001,2,1.0,1
2026-08-28 05:49:01,6,40001,2,0.0,1
2026-08-28 05:49:01,6,40001,2,0.0,1
2026-08-28 05:49:01,6,40001,2,0.0,1
2026-08-28 05:49:02,6,40001,2,1.0,1
2026-08-28 05:49:02,6,40001,2,0.0,1
2026-08-28 05:49:02,6,40001,2,0.0,1
2026-08-28 05:49:03,6,40001,2,1.0,1
2026-08-28 05:49:03,6,40001,2,0.0,1
2026-08-28 05:49:03,6,40001,2,0.0,1
2026-08-28 05:49:04,6,40001,2,1.0,1
2026-08-28 05:49:04,6,40001,2,0.0,1
2026-08-28 05:49:04,6,40001,2,0.0,1
2026-08-28 05:49:05,6,40001,2,1.0,1
2026-08-28 05:49:05,6,40001,2,0.0,1
2026-08-28 05:49:05,6,40001,2,0.0,1
2026-08-28 05:49:05,6,40001,2,0.0,1
2026-08-28 05:49:06,6,40001,2,1.0,1
2026-08-28 05:49:06,6,40001,2,0.0,1
2026-08-28 05:49:06,6,40001,2,0.0,1
2026-08-28 05:49:07,6,40001,2,1.0,1
2026-08-28 05:49:07,6,40001,2,0.0,1
2026-08-28 05:49:07,6,40001,2,0.0,1
2026-08-28 05:49:08,6,40001,2,1.0,1
2026-08-28 05:49:08,6,40001,2,0.0,1
2026-08-28 05:49:08,6,40001,2,0.0,1
2026-08-28 05:49:09,6,40001,2,1.0,1
2026-08-28 05:49:09,6,40001,2,0.0,1
2026-08-28 05:49:09,6,40001,2,0.0,1
2026-08-28 05:49:09,6,40001,2,0.0,1
2026-08-28 05:49:10,6,40001,2,1.0,1
2026-08-28 05:49:10,6,40001,2,0.0,1
2026-08-28 05:49:10,6,40001,2,0.0,1
2026-08-28 05:49:11,6,40001,2,1.0,1
2026-08-28 05:49:11,6,40001,2,0.0,1
2026-08-28 05:49:11,6,40001,2,0.0,1
2026-08-28 05:49:12,6,40001,2,1.0,1
2026-08-28 05:49:12,6,40001,2,0.0,1
2026-08-28 05:49:12,6,40001,2,0.0,1
2026-08-28 05:49:13,6,40001,2,1.0,1
2026-08-28 05:49:13,6,40001,2,0.0,1
2026-08-28 05:49:13,6,40001,2,0.0,1
2026-08-28 05:49:13,6,40001,2,0.0,1
2026-08-28 05:49:14,6,40001,2,1.0,1
2026-08-28 05:49:14,6,40001,2,0.0,1
2026-08-28 05:49:14,6,40001,2,0.0,1
2026-08-28 05:49:15,6,40001,2,1.0,1
2026-08-28 05:49:15,6,40001,2,0.0,1
2026-08-28 05:49:15,6,40001,2,0.0,1
2026-08-28 05:49:16,6,40001,2,1.0,1
2026-08-28 05:49:16,6,40001,2,0.0,1
2026-08-28 05:49:16,6,40001,2,0.0,1
2026-08-28 05:49:17,6,40001,2,1.0,1
2026-08-28 05:49:17,6,40001,2,0.0,1
2026-08-28 05:49:17,6,40001,2,0.0,1
2026-08-28 05:49:17,6,40001,2,0.0,1
2026-08-28 05:49:18,6,40001,2,1.0,1
2026-08-28 05:49:18,6,40001,2,0.0,1
2026-08-28 05:49:18,6,40001,2,0.0,1
2026-08-28 05:49:19,6,40001,2,1.0,1
2026-08-28 05:49:19,6,40001,2,0.0,1
2026-08-28 05:49:19,6,40001,2,0.0,1
2026-08-28 05:49:20,6,40001,2,1.0,1
2026-08-28 05:49:20,6,40001,2,0.0,1
2026-08-28 05:49:20,6,40001,2,0.0,1
2026-08-28 05:49:21,6,40001,2,1.0,1
2026-08-28 05:49:21,6,40001,2,0.0,1
2026-08-28 05:49:21,6,40001,2,0.0,1
2026-08-28 05:49:21,6,40001,2,0.0,1
2026-08-28 05:49:22,6,40001,2,1.0,1
2026-08-28 05:49:22,6,40001,2,0.0,1
2026-08-28 05:49:22,6,40001,2,0.0,1
2026-08-28 05:49:23,6,40001,2,1.0,1
2026-08-28 05:49:23,6,40001,2,0.0,1
2026-08-28 05:49:23,6,40001,2,0.0,1
2026-08-28 05:49:24,6,40001,2,1.0,1
2026-08-28 05:49:24,6,40001,2,0.0,1
2026-08-28 05:49:24,6,40001,2,0.0,1
2026-08-28 05:49:25,6,40001,2,1.0,1
2026-08-28 05:49:25,6,40001,2,0.0,1
2026-08-28 05:49:25,6,40001,2,0.0,1
2026-08-28 05:49:26,6,40001,2,1.0,1
2026-08-28 05:49:26,6,40001,2,0.0,1
2026-08-28 05:49:26,6,40001,2,0.0,1
2026-08-28 05:49:27,6,40001,2,1.0,1
2026-08-28 05:49:27,6,40001,2,0.0,1
2026-08-28 05:49:27,6,40001,2,0.0,1
2026-08-28 05:49:28,6,40001,2,1.0,1
2026-08-28 05:49:28,6,40001,2,0.0,1
2026-08-28 05:49:28,6,40001,2,0.0,1
2026-08-28 05:49:28,6,40001,2,0.0,1
2026-08-28 05:49:29,6,40001,2,1.0,1
2026-08-28 05:49:29,6,40001,2,0.0,1
2026-08-28 05:49:29,6,40001,2,0.0,1
2026-08-28 05:49:30,6,40001,2,1.0,1
2026-08-28 05:49:30,6,40001,2,0.0,1
2026-08-28 05:49:30,6,40001,2,0.0,1
2026-08-28 05:49:31,6,40001,2,1.0,1
2026-08-28 05:49:31,6,40001,2,0.0,1
2026-08-28 05:49:31,6,40001,2,0.0,1
2026-08-28 05:49:32,6,40001,2,1.0,1
2026-08-28 05:49:32,6,40001,2,0.0,1
2026-08-28 05:49:32,6,40001,2,0.0,1
2026-08-28 05:49:32,6,40001,2,0.0,1
2026-08-28 05:49:33,6,40001,2,1.0,1
2026-08-28 05:49:33,6,40001,2,0.0,1
2026-08-28 05:49:33,6,40001,2,0.0,1
2026-08-28 05:49:34,6,40001,2,1.0,1
2026-08-28 05:49:34,6,40001,2,0.0,1
2026-08-28 05:49:34,6,40001,2,0.0,1
2026-08-28 05:49:35,6,40001,2,1.0,1
2026-08-28 05:49:35,6,40001,2,0.0,1
2026-08-28 05:49:35,6,40001,2,0.0,1
2026-08-28 05:49:36,6,40001,2,1.0,1
2026-08-28 05:49:36,6,40001,2,0.0,1
2026-08-28 05:49:36,6,40001,2,0.0,1
2026-08-28 05:49:37,6,40001,2,1.0,1
2026-08-28 05:49:37,6,40001,2,0.0,1
2026-08-28 05:49:37,6,40001,2,0.0,1
2026-08-28 05:49:37,6,40001,2,0.0,1
2026-08-28 05:49:38,6,40001,2,1.0,1
2026-08-28 05:49:38,6,40001,2,0.0,1
2026-08-28 05:49:38,6,40001,2,0.0,1
2026-08-28 05:49:39,6,40001,2,1.0,1
2026-08-28 05:49:39,6,40001,2,0.0,1
2026-08-28 05:49:39,6,40001,2,0.0,1
2026-08-28 05:49:40,6,40001,2,1.0,1
2026-08-28 05:49:40,6,40001,2,0.0,1
2026-08-28 05:49:40,6,40001,2,0.0,1
2026-08-28 05:49:41,6,40001,2,1.0,1
2026-08-28 05:49:41,6,40001,2,0.0,1
2026-08-28 05:49:41,6,40001,2,0.0,1
2026-08-28 05:49:41,6,40001,2,0.0,1
2026-08-28 05:49:42,6,40001,2,1.0,1
2026-08-28 05:49:42,6,40001,2,0.0,1
2026-08-28 05:49:42,6,40001,2,0.0,1
2026-08-28 05:49:43,6,40001,2,1.0,1
2026-08-28 05:49:43,6,40001,2,0.0,1
2026-08-28 05:49:43,6,40001,2,0.0,1
2026-08-28 05:49:44,6,40001,2,1.0,1
2026-08-28 05:49:44,6,40001,2,0.0,1
2026-08-28 05:49:44,6,40001,2,0.0,1
2026-08-28 05:49:45,6,40001,2,1.0,1
2026-08-28 05:49:45,6,40001,2,0.0,1
2026-08-28 05:49:45,6,40001,2,0.0,1
2026-08-28 05:49:45,6,40001,2,0.0,1
2026-08-28 05:49:46,6,40001,2,1.0,1
2026-08-28 05:49:46,6,40001,2,0.0,1
2026-08-28 05:49:46,6,40001,2,0.0,1
2026-08-28 05:49:47,6,40001,2,1.0,1
2026-08-28 05:49:47,6,40001,2,0.0,1
2026-08-28 05:49:47,6,40001,2,0.0,1
2026-08-28 05:49:48,6,40001,2,1.0,1
2026-08-28 05:49:48,6,40001,2,0.0,1
2026-08-28 05:49:48,6,40001,2,0.0,1
2026-08-28 05:49:49,6,40001,2,1.0,1
2026-08-28 05:49:49,6,40001,2,0.0,1
2026-08-28 05:49:49,6,40001,2,0.0,1
2026-08-28 05:49:49,6,40001,2,0.0,1
2026-08-28 05:49:50,6,40001,2,1.0,1
2026-08-28 05:49:50,6,40001,2,0.0,1
2026-08-28 05:49:50,6,40001,2,0.0,1
2026-08-28 05:49:51,6,40001,2,1.0,1
2026-08-28 05:49:51,6,40001,2,0.0,1
2026-08-28 05:49:51,6,40001,2,0.0,1
2026-08-28 05:49:52,6,40001,2,1.0,1
2026-08-28 05:49:52,6,40001,2,0.0,1
2026-08-28 05:49:52,6,40001,2,0.0,1
2026-08-28 05:49:53,6,40001,2,1.0,1
2026-08-28 05:49:53,6,40001,2,0.0,1
2026-08-28 05:49:53,6,40001,2,0.0,1
2026-08-28 05:49:54,6,40001,2,1.0,1
2026-08-28 05:49:54,6,40001,2,0.0,1
2026-08-28 05:49:54,6,40001,2,0.0,1
2026-08-28 05:49:55,6,40001,2,1.0,1
2026-08-28 05:49:55,6,40001,2,0.0,1
2026-08-28 05:49:55,6,40001,2,0.0,1
2026-08-28 05:49:56,6,40001,2,1.0,1
2026-08-28 05:49:56,6,40001,2,0.0,1
2026-08-28 05:49:56,6,40001,2,0.0,1
2026-08-28 05:49:57,6,40001,2,1.0,1
2026-08-28 05:49:57,6,40001,2,0.0,1
2026-08-28 05:49:57,6,40001,2,0.0,1
2026-08-28 05:49:58,6,40001,2,1.0,1
2026-08-28 05:49:58,6,40001,2,0.0,1
2026-08-28 05:49:59,6,40001,2,1.0,1
2026-08-28 05:49:59,6,40001,2,0.0,1
2026-08-28 05:49:59,6,40001,2,0.0,1
2026-08-28 05:50:00,6,40001,2,1.0,1
2026-08-28 05:50:00,6,40001,2,0.0,1
2026-08-28 05:50:01,6,40001,2,1.0,1
2026-08-28 05:50:01,6,40001,2,0.0,1
2026-08-28 05:50:01,6,40001,2,0.0,1
2026-08-28 05:50:02,6,40001,2,1.0,1
2026-08-28 05:50:02,6,40001,2,0.0,1
2026-08-28 05:50:02,6,40001,2,0.0,1
2026-08-28 05:50:02,6,40001,2,0.0,1
2026-08-28 05:50:03,6,40001,2,1.0,1
2026-08-28 05:50:03,6,40001,2,0.0,1
2026-08-28 05:50:03,6,40001,2,0.0,1
2026-08-28 05:50:04,6,40001,2,1.0,1
2026-08-28 05:50:04,6,40001,2,0.0,1
2026-08-28 05:50:04,6,40001,2,0.0,1
2026-08-28 05:50:05,6,40001,2,1.0,1
2026-08-28 05:50:05,6,40001,2,0.0,1
2026-08-28 05:50:05,6,40001,2,0.0,1
2026-08-28 05:50:06,6,40001,2,1.0,1
2026-08-28 05:50:06,6,40001,2,0.0,1
2026-08-28 05:50:06,6,40001,2,0.0,1
2026-08-28 05:50:07,6,40001,2,1.0,1
2026-08-28 05:50:07,6,40001,2,0.0,1
2026-08-28 05:50:07,6,40001,2,0.0,1
2026-08-28 05:50:08,6,40001,2,1.0,1
2026-08-28 05:50:08,6,40001,2,0.0,1
2026-08-28 05:50:08,6,40001,2,0.0,1
2026-08-28 05:50:08,6,40001,2,0.0,1
2026-08-28 05:50:09,6,40001,2,1.0,1
2026-08-28 05:50:09,6,40001,2,0.0,1
2026-08-28 05:50:09,6,40001,2,0.0,1
2026-08-28 05:50:10,6,40001,2,1.0,1
2026-08-28 05:50:10,6,40001,2,0.0,1
2026-08-28 05:50:10,6,40001,2,0.0,1
2026-08-28 05:50:11,6,40001,2,1.0,1
2026-08-28 05:50:11,6,40001,2,0.0,1
2026-08-28 05:50:11,6,40001,2,0.0,1
2026-08-28 05:50:12,6,40001,2,1.0,1
2026-08-28 05:50:12,6,40001,2,0.0,1
2026-08-28 05:50:12,6,40001,2,0.0,1
2026-08-28 05:50:12,6,40001,2,0.0,1
2026-08-28 05:50:13,6,40001,2,1.0,1
2026-08-28 05:50:13,6,40001,2,0.0,1
2026-08-28 05:50:13,6,40001,2,0.0,1
2026-08-28 05:50:14,6,40001,2,1.0,1
2026-08-28 05:50:14,6,40001,2,0.0,1
2026-08-28 05:50:14,6,40001,2,0.0,1
2026-08-28 05:50:15,6,40001,2,1.0,1
2026-08-28 05:50:15,6,40001,2,0.0,1
2026-08-28 05:50:15,6,40001,2,0.0,1
2026-08-28 05:50:16,6,40001,2,1.0,1
2026-08-28 05:50:16,6,40001,2,0.0,1
2026-08-28 05:50:16,6,40001,2,0.0,1
2026-08-28 05:50:17,6,40001,2,1.0,1
2026-08-28 05:50:17,6,40001,2,0.0,1
2026-08-28 05:50:17,6,40001,2,0.0,1
2026-08-28 05:50:17,6,40001,2,0.0,1
2026-08-28 05:50:18,6,40001,2,1.0,1
2026-08-28 05:50:18,6,40001,2,0.0,1
2026-08-28 05:50:18,6,40001,2,0.0,1
2026-08-28 05:50:19,6,40001,2,1.0,1
2026-08-28 05:50:19,6,40001,2,0.0,1
2026-08-28 05:50:19,6,40001,2,0.0,1
2026-08-28 05:50:20,6,40001,2,1.0,1
2026-08-28 05:50:20,6,40001,2,0.0,1
2026-08-28 05:50:20,6,40001,2,0.0,1
2026-08-28 05:50:21,6,40001,2,1.0,1
2026-08-28 05:50:21,6,40001,2,0.0,1
2026-08-28 05:50:21,6,40001,2,0.0,1
2026-08-28 05:50:22,6,40001,2,1.0,1
2026-08-28 05:50:22,6,40001,2,0.0,1
2026-08-28 05:50:22,6,40001,2,0.0,1
2026-08-28 05:50:23,6,40001,2,1.0,1
2026-08-28 05:50:23,6,40001,2,0.0,1
2026-08-28 05:50:23,6,40001,2,0.0,1
2026-08-28 05:50:23,6,40001,2,0.0,1
2026-08-28 05:50:24,6,40001,2,1.0,1
2026-08-28 05:50:24,6,40001,2,0.0,1
2026-08-28 05:50:24,6,40001,2,0.0,1
2026-08-28 05:50:25,6,40001,2,1.0,1
2026-08-28 05:50:25,6,40001,2,0.0,1
2026-08-28 05:50:26,6,40001,2,1.0,1
2026-08-28 05:50:26,6,40001,2,0.0,1
2026-08-28 05:50:26,6,40001,2,0.0,1
2026-08-28 05:50:27,6,40001,2,1.0,1
2026-08-28 05:50:27,6,40001,2,0.0,1
2026-08-28 05:50:27,6,40001,2,0.0,1
2026-08-28 05:50:27,6,40001,2,0.0,1
2026-08-28 05:50:28,6,40001,2,1.0,1
2026-08-28 05:50:28,6,40001,2,0.0,1
2026-08-28 05:50:28,6,40001,2,0.0,1
2026-08-28 05:50:29,6,40001,2,1.0,1
2026-08-28 05:50:29,6,40001,2,0.0,1
2026-08-28 05:50:29,6,40001,2,0.0,1
2026-08-28 05:50:30,6,40001,2,1.0,1
2026-08-28 05:50:30,6,40001,2,0.0,1
2026-08-28 05:50:30,6,40001,2,0.0,1
2026-08-28 05:50:31,6,40001,2,1.0,1
2026-08-28 05:50:31,6,40001,2,0.0,1
2026-08-28 05:50:31,6,40001,2,0.0,1
2026-08-28 05:50:32,6,40001,2,1.0,1
2026-08-28 05:50:32,6,40001,2,0.0,1
2026-08-28 05:50:32,6,40001,2,0.0,1
2026-08-28 05:50:33,6,40001,2,1.0,1
2026-08-28 05:50:33,6,40001,2,0.0,1
2026-08-28 05:50:33,6,40001,2,0.0,1
2026-08-28 05:50:34,6,40001,2,1.0,1
2026-08-28 05:50:34,6,40001,2,0.0,1
2026-08-28 05:50:34,6,40001,2,0.0,1
2026-08-28 05:50:35,6,40001,2,1.0,1
2026-08-28 05:50:35,6,40001,2,0.0,1
2026-08-28 05:50:35,6,40001,2,0.0,1
2026-08-28 05:50:35,6,40001,2,0.0,1
2026-08-28 05:50:36,6,40001,2,1.0,1
2026-08-28 05:50:36,6,40001,2,0.0,1
2026-08-28 05:50:36,6,40001,2,0.0,1
2026-08-28 05:50:37,6,40001,2,1.0,1
2026-08-28 05:50:37,6,40001,2,0.0,1
2026-08-28 05:50:37,6,40001,2,0.0,1
2026-08-28 05:50:38,6,40001,2,1.0,1
2026-08-28 05:50:38,6,40001,2,0.0,1
2026-08-28 05:50:38,6,40001,2,0.0,1
2026-08-28 05:50:39,6,40001,2,1.0,1
2026-08-28 05:50:39,6,40001,2,0.0,1
2026-08-28 05:50:39,6,40001,2,0.0,1
2026-08-28 05:50:40,6,40001,2,1.0,1
2026-08-28 05:50:40,6,40001,2,0.0,1
2026-08-28 05:50:40,6,40001,2,0.0,1
2026-08-28 05:50:40,6,40001,2,0.0,1
2026-08-28 05:50:41,6,40001,2,1.0,1
2026-08-28 05:50:41,6,40001,2,0.0,1
2026-08-28 05:50:41,6,40001,2,0.0,1
2026-08-28 05:50:42,6,40001,2,1.0,1
2026-08-28 05:50:42,6,40001,2,0.0,1
2026-08-28 05:50:42,6,40001,2,0.0,1
2026-08-28 05:50:43,6,40001,2,1.0,1
2026-08-28 05:50:43,6,40001,2,0.0,1
2026-08-28 05:50:43,6,40001,2,0.0,1
2026-08-28 05:50:44,6,40001,2,1.0,1
2026-08-28 05:50:44,6,40001,2,0.0,1
2026-08-28 05:50:44,6,40001,2,0.0,1
2026-08-28 05:50:44,6,40001,2,0.0,1
2026-08-28 05:50:45,6,40001,2,1.0,1
2026-08-28 05:50:45,6,40001,2,0.0,1
2026-08-28 05:50:45,6,40001,2,0.0,1
2026-08-28 05:50:46,6,40001,2,1.0,1
2026-08-28 05:50:46,6,40001,2,0.0,1
2026-08-28 05:50:46,6,40001,2,0.0,1
2026-08-28 05:50:47,6,40001,2,1.0,1
2026-08-28 05:50:47,6,40001,2,0.0,1
2026-08-28 05:50:47,6,40001,2,0.0,1
2026-08-28 05:50:48,6,40001,2,1.0,1
2026-08-28 05:50:48,6,40001,2,0.0,1
2026-08-28 05:50:48,6,40001,2,0.0,1
2026-08-28 05:50:48,6,40001,2,0.0,1
2026-08-28 05:50:49,6,40001,2,1.0,1
2026-08-28 05:50:49,6,40001,2,0.0,1
2026-08-28 05:50:49,6,40001,2,0.0,1
2026-08-28 05:50:50,6,40001,2,1.0,1
2026-08-28 05:50:50,6,40001,2,0.0,1
2026-08-28 05:50:50,6,40001,2,0.0,1
2026-08-28 05:50:51,6,40001,2,1.0,1
2026-08-28 05:50:51,6,40001,2,0.0,1
2026-08-28 05:50:51,6,40001,2,0.0,1
2026-08-28 05:50:52,6,40001,2,1.0,1
2026-08-28 05:50:52,6,40001,2,0.0,1
2026-08-28 05:50:52,6,40001,2,0.0,1
2026-08-28 05:50:52,6,40001,2,0.0,1
2026-08-28 05:50:53,6,40001,2,1.0,1
2026-08-28 05:50:53,6,40001,2,0.0,1
2026-08-28 05:50:53,6,40001,2,0.0,1
2026-08-28 05:50:54,6,40001,2,1.0,1
2026-08-28 05:50:54,6,40001,2,0.0,1
2026-08-28 05:50:54,6,40001,2,0.0,1
2026-08-28 05:50:55,6,40001,2,1.0,1
2026-08-28 05:50:55,6,40001,2,0.0,1
2026-08-28 05:50:55,6,40001,2,0.0,1
2026-08-28 05:50:56,6,40001,2,1.0,1
2026-08-28 05:50:56,6,40001,2,0.0,1
2026-08-28 05:50:56,6,40001,2,0.0,1
2026-08-28 05:50:56,6,40001,2,0.0,1
2026-08-28 05:50:57,6,40001,2,1.0,1
2026-08-28 05:50:57,6,40001,2,0.0,1
2026-08-28 05:50:57,6,40001,2,0.0,1
2026-08-28 05:50:58,6,40001,2,1.0,1
2026-08-28 05:50:58,6,40001,2,0.0,1
2026-08-28 05:50:58,6,40001,2,0.0,1
2026-08-28 05:50:59,6,40001,2,1.0,1
2026-08-28 05:50:59,6,40001,2,0.0,1
2026-08-28 05:50:59,6,40001,2,0.0,1
2026-08-28 05:51:00,6,40001,2,1.0,1
2026-08-28 05:51:00,6,40001,2,0.0,1
2026-08-28 05:51:00,6,40001,2,0.0,1
2026-08-28 05:51:00,6,40001,2,0.0,1
2026-08-28 05:51:01,6,40001,2,1.0,1
2026-08-28 05:51:01,6,40001,2,0.0,1
2026-08-28 05:51:01,6,40001,2,0.0,1
2026-08-28 05:51:02,6,40001,2,1.0,1
2026-08-28 05:51:02,6,40001,2,0.0,1
2026-08-28 05:51:02,6,40001,2,0.0,1
2026-08-28 05:51:03,6,40001,2,1.0,1
2026-08-28 05:51:03,6,40001,2,0.0,1
2026-08-28 05:51:03,6,40001,2,0.0,1
2026-08-28 05:51:04,6,40001,2,1.0,1
2026-08-28 05:51:04,6,40001,2,0.0,1
2026-08-28 05:51:04,6,40001,2,0.0,1
2026-08-28 05:51:04,6,40001,2,0.0,1
2026-08-28 05:51:05,6,40001,2,1.0,1
2026-08-28 05:51:05,6,40001,2,0.0,1
2026-08-28 05:51:05,6,40001,2,0.0,1
2026-08-28 05:51:06,6,40001,2,1.0,1
2026-08-28 05:51:06,6,40001,2,0.0,1
2026-08-28 05:51:06,6,40001,2,0.0,1
2026-08-28 05:51:07,6,40001,2,1.0,1
2026-08-28 05:51:07,6,40001,2,0.0,1
2026-08-28 05:51:07,6,40001,2,0.0,1
2026-08-28 05:51:08,6,40001,2,1.0,1
2026-08-28 05:51:08,6,40001,2,0.0,1
2026-08-28 05:51:08,6,40001,2,0.0,1
2026-08-28 05:51:09,6,40001,2,1.0,1
2026-08-28 05:51:09,6,40001,2,0.0,1
2026-08-28 05:51:09,6,40001,2,0.0,1
2026-08-28 05:51:10,6,40001,2,1.0,1
2026-08-28 05:51:10,6,40001,2,0.0,1
2026-08-28 05:51:10,6,40001,2,0.0,1
2026-08-28 05:51:11,6,40001,2,1.0,1
2026-08-28 05:51:11,6,40001,2,0.0,1
2026-08-28 05:51:11,6,40001,2,0.0,1
2026-08-28 05:51:11,6,40001,2,0.0,1
2026-08-28 05:51:12,6,40001,2,1.0,1
2026-08-28 05:51:12,6,40001,2,0.0,1
2026-08-28 05:51:12,6,40001,2,0.0,1
2026-08-28 05:51:13,6,40001,2,1.0,1
2026-08-28 05:51:13,6,40001,2,0.0,1
2026-08-28 05:51:13,6,40001,2,0.0,1
2026-08-28 05:51:14,6,40001,2,1.0,1
2026-08-28 05:51:14,6,40001,2,0.0,1
2026-08-28 05:51:14,6,40001,2,0.0,1
2026-08-28 05:51:15,6,40001,2,1.0,1
2026-08-28 05:51:15,6,40001,2,0.0,1
2026-08-28 05:51:15,6,40001,2,0.0,1
2026-08-28 05:51:16,6,40001,2,1.0,1
2026-08-28 05:51:16,6,40001,2,0.0,1
2026-08-28 05:51:16,6,40001,2,0.0,1
2026-08-28 05:51:16,6,40001,2,0.0,1
2026-08-28 05:51:17,6,40001,2,1.0,1
2026-08-28 05:51:17,6,40001,2,0.0,1
2026-08-28 05:51:17,6,40001,2,0.0,1
2026-08-28 05:51:18,6,40001,2,1.0,1
2026-08-28 05:51:18,6,40001,2,0.0,1
2026-08-28 05:51:18,6,40001,2,0.0,1
2026-08-28 05:51:19,6,40001,2,1.0,1
2026-08-28 05:51:19,6,40001,2,0.0,1
2026-08-28 05:51:19,6,40001,2,0.0,1
2026-08-28 05:51:20,6,40001,2,1.0,1
2026-08-28 05:51:20,6,40001,2,0.0,1
2026-08-28 05:51:20,6,40001,2,0.0,1
2026-08-28 05:51:20,6,40001,2,0.0,1
2026-08-28 05:51:21,6,40001,2,1.0,1
2026-08-28 05:51:21,6,40001,2,0.0,1
2026-08-28 05:51:21,6,40001,2,0.0,1
2026-08-28 05:51:22,6,40001,2,1.0,1
2026-08-28 05:51:22,6,40001,2,0.0,1
2026-08-28 05:51:22,6,40001,2,0.0,1
2026-08-28 05:51:23,6,40001,2,1.0,1
2026-08-28 05:51:23,6,40001,2,0.0,1
2026-08-28 05:51:23,6,40001,2,0.0,1
2026-08-28 05:51:24,6,40001,2,1.0,1
2026-08-28 05:51:24,6,40001,2,0.0,1
2026-08-28 05:51:24,6,40001,2,0.0,1
2026-08-28 05:51:24,6,40001,2,0.0,1
2026-08-28 05:51:25,6,40001,2,1.0,1
2026-08-28 05:51:25,6,40001,2,0.0,1
2026-08-28 05:51:25,6,40001,2,0.0,1
2026-08-28 05:51:26,6,40001,2,1.0,1
2026-08-28 05:51:26,6,40001,2,0.0,1
2026-08-28 05:51:26,6,40001,2,0.0,1
2026-08-28 05:51:27,6,40001,2,1.0,1
2026-08-28 05:51:27,6,40001,2,0.0,1
2026-08-28 05:51:27,6,40001,2,0.0,1
2026-08-28 05:51:28,6,40001,2,1.0,1
2026-08-28 05:51:28,6,40001,2,0.0,1
2026-08-28 05:51:28,6,40001,2,0.0,1
2026-08-28 05:51:28,6,40001,2,0.0,1
2026-08-28 05:51:29,6,40001,2,1.0,1
2026-08-28 05:51:29,6,40001,2,0.0,1
2026-08-28 05:51:29,6,40001,2,0.0,1
2026-08-28 05:51:30,6,40001,2,1.0,1
2026-08-28 05:51:30,6,40001,2,0.0,1
2026-08-28 05:51:30,6,40001,2,0.0,1
2026-08-28 05:51:31,6,40001,2,1.0,1
2026-08-28 05:51:31,6,40001,2,0.0,1
2026-08-28 05:51:31,6,40001,2,0.0,1
2026-08-28 05:51:32,6,40001,2,1.0,1
2026-08-28 05:51:32,6,40001,2,0.0,1
2026-08-28 05:51:32,6,40001,2,0.0,1
2026-08-28 05:51:32,6,40001,2,0.0,1
2026-08-28 05:51:33,6,40001,2,1.0,1
2026-08-28 05:51:33,6,40001,2,0.0,1
2026-08-28 05:51:33,6,40001,2,0.0,1
2026-08-28 05:51:34,6,40001,2,1.0,1
2026-08-28 05:51:34,6,40001,2,0.0,1
2026-08-28 05:51:34,6,40001,2,0.0,1
2026-08-28 05:51:35,6,40001,2,1.0,1
2026-08-28 05:51:35,6,40001,2,0.0,1
2026-08-28 05:51:35,6,40001,2,0.0,1
2026-08-28 05:51:36,6,40001,2,1.0,1
2026-08-28 05:51:36,6,40001,2,0.0,1
2026-08-28 05:51:36,6,40001,2,0.0,1
2026-08-28 05:51:36,6,40001,2,0.0,1
2026-08-28 05:51:37,6,40001,2,1.0,1
2026-08-28 05:51:37,6,40001,2,0.0,1
2026-08-28 05:51:37,6,40001,2,0.0,1
2026-08-28 05:51:38,6,40001,2,1.0,1
2026-08-28 05:51:38,6,40001,2,0.0,1
2026-08-28 05:51:38,6,40001,2,0.0,1
2026-08-28 05:51:39,6,40001,2,1.0,1
2026-08-28 05:51:39,6,40001,2,0.0,1
2026-08-28 05:51:39,6,40001,2,0.0,1
2026-08-28 05:51:40,6,40001,2,1.0,1
2026-08-28 05:51:40,6,40001,2,0.0,1
2026-08-28 05:51:40,6,40001,2,0.0,1
2026-08-28 05:51:40,6,40001,2,0.0,1
2026-08-28 05:51:41,6,40001,2,1.0,1
2026-08-28 05:51:41,6,40001,2,0.0,1
2026-08-28 05:51:41,6,40001,2,0.0,1
2026-08-28 05:51:42,6,40001,2,1.0,1
2026-08-28 05:51:42,6,40001,2,0.0,1
2026-08-28 05:51:42,6,40001,2,0.0,1
2026-08-28 05:51:43,6,40001,2,1.0,1
2026-08-28 05:51:43,6,40001,2,0.0,1
2026-08-28 05:51:43,6,40001,2,0.0,1
2026-08-28 05:51:44,6,40001,2,1.0,1
2026-08-28 05:51:44,6,40001,2,0.0,1
2026-08-28 05:51:44,6,40001,2,0.0,1
2026-08-28 05:51:44,6,40001,2,0.0,1
2026-08-28 05:51:45,6,40001,2,1.0,1
2026-08-28 05:51:45,6,40001,2,0.0,1
2026-08-28 05:51:45,6,40001,2,0.0,1
2026-08-28 05:51:46,6,40001,2,1.0,1
2026-08-28 05:51:46,6,40001,2,0.0,1
2026-08-28 05:51:46,6,40001,2,0.0,1
2026-08-28 05:51:47,6,40001,2,1.0,1
2026-08-28 05:51:47,6,40001,2,0.0,1
2026-08-28 05:51:47,6,40001,2,0.0,1
2026-08-28 05:51:48,6,40001,2,1.0,1
2026-08-28 05:51:48,6,40001,2,0.0,1
2026-08-28 05:51:48,6,40001,2,0.0,1
2026-08-28 05:51:48,6,40001,2,0.0,1
2026-08-28 05:51:49,6,40001,2,1.0,1
2026-08-28 05:51:49,6,40001,2,0.0,1
2026-08-28 05:51:49,6,40001,2,0.0,1
2026-08-28 05:51:50,6,40001,2,1.0,1
2026-08-28 05:51:50,6,40001,2,0.0,1
2026-08-28 05:51:50,6,40001,2,0.0,1
2026-08-28 05:51:51,6,40001,2,1.0,1
2026-08-28 05:51:51,6,40001,2,0.0,1
2026-08-28 05:51:51,6,40001,2,0.0,1
2026-08-28 05:51:52,6,40001,2,1.0,1
2026-08-28 05:51:52,6,40001,2,0.0,1
2026-08-28 05:51:52,6,40001,2,0.0,1
2026-08-28 05:51:53,6,40001,2,1.0,1
2026-08-28 05:51:53,6,40001,2,0.0,1
2026-08-28 05:51:53,6,40001,2,0.0,1
2026-08-28 05:51:53,6,40001,2,0.0,1
2026-08-28 05:51:54,6,40001,2,1.0,1
2026-08-28 05:51:54,6,40001,2,0.0,1
2026-08-28 05:51:54,6,40001,2,0.0,1
2026-08-28 05:51:55,6,40001,2,1.0,1
2026-08-28 05:51:55,6,40001,2,0.0,1
2026-08-28 05:51:55,6,40001,2,0.0,1
2026-08-28 05:51:56,6,40001,2,1.0,1
2026-08-28 05:51:56,6,40001,2,0.0,1
2026-08-28 05:51:56,6,40001,2,0.0,1
2026-08-28 05:51:57,6,40001,2,1.0,1
2026-08-28 05:51:57,6,40001,2,0.0,1
2026-08-28 05:51:57,6,40001,2,0.0,1
2026-08-28 05:51:58,6,40001,2,1.0,1
2026-08-28 05:51:58,6,40001,2,0.0,1
2026-08-28 05:51:58,6,40001,2,0.0,1
2026-08-28 05:51:58,6,40001,2,0.0,1
2026-08-28 05:51:59,6,40001,2,1.0,1
2026-08-28 05:51:59,6,40001,2,0.0,1
2026-08-28 05:51:59,6,40001,2,0.0,1
2026-08-28 05:52:00,6,40001,2,1.0,1
2026-08-28 05:52:00,6,40001,2,0.0,1
2026-08-28 05:52:00,6,40001,2,0.0,1
2026-08-28 05:52:01,6,40001,2,1.0,1
2026-08-28 05:52:01,6,40001,2,0.0,1
2026-08-28 05:52:01,6,40001,2,0.0,1
2026-08-28 05:52:02,6,40001,2,1.0,1
2026-08-28 05:52:02,6,40001,2,0.0,1
2026-08-28 05:52:02,6,40001,2,0.0,1
2026-08-28 05:52:02,6,40001,2,0.0,1
2026-08-28 05:52:03,6,40001,2,1.0,1
2026-08-28 05:52:03,6,40001,2,0.0,1
2026-08-28 05:52:03,6,40001,2,0.0,1
2026-08-28 05:52:04,6,40001,2,1.0,1
2026-08-28 05:52:04,6,40001,2,0.0,1
2026-08-28 05:52:04,6,40001,2,0.0,1
2026-08-28 05:52:05,6,40001,2,1.0,1
2026-08-28 05:52:05,6,40001,2,0.0,1
2026-08-28 05:52:05,6,40001,2,0.0,1
2026-08-28 05:52:06,6,40001,2,1.0,1
2026-08-28 05:52:06,6,40001,2,0.0,1
2026-08-28 05:52:06,6,40001,2,0.0,1
2026-08-28 05:52:07,6,40001,2,1.0,1
2026-08-28 05:52:07,6,40001,2,0.0,1
2026-08-28 05:52:07,6,40001,2,0.0,1
2026-08-28 05:52:07,6,40001,2,0.0,1
2026-08-28 05:52:08,6,40001,2,1.0,1
2026-08-28 05:52:08,6,40001,2,0.0,1
2026-08-28 05:52:08,6,40001,2,0.0,1
2026-08-28 05:52:09,6,40001,2,1.0,1
2026-08-28 05:52:09,6,40001,2,0.0,1
2026-08-28 05:52:09,6,40001,2,0.0,1
2026-08-28 05:52:10,6,40001,2,1.0,1
2026-08-28 05:52:10,6,40001,2,0.0,1
2026-08-28 05:52:10,6,40001,2,0.0,1
2026-08-28 05:52:11,6,40001,2,1.0,1
2026-08-28 05:52:11,6,40001,2,0.0,1
2026-08-28 05:52:11,6,40001,2,0.0,1
2026-08-28 05:52:11,6,40001,2,0.0,1
2026-08-28 05:52:12,6,40001,2,1.0,1
2026-08-28 05:52:12,6,40001,2,0.0,1
2026-08-28 05:52:12,6,40001,2,0.0,1
2026-08-28 05:52:13,6,40001,2,1.0,1
2026-08-28 05:52:13,6,40001,2,0.0,1
2026-08-28 05:52:13,6,40001,2,0.0,1
2026-08-28 05:52:14,6,40001,2,1.0,1
2026-08-28 05:52:14,6,40001,2,0.0,1
2026-08-28 05:52:16,6,40001,2,2.0,1
2026-08-28 05:52:16,6,40001,2,0.0,1
2026-08-28 05:52:16,6,40001,2,0.0,1
2026-08-28 05:52:17,6,40001,2,1.0,1
2026-08-28 05:52:17,6,40001,2,0.0,1
2026-08-28 05:52:17,6,40001,2,0.0,1
2026-08-28 05:52:18,6,40001,2,1.0,1
2026-08-28 05:52:18,6,40001,2,0.0,1
2026-08-28 05:52:18,6,40001,2,0.0,1
2026-08-28 05:52:19,6,40001,2,1.0,1
2026-08-28 05:52:19,6,40001,2,0.0,1
2026-08-28 05:52:19,6,40001,2,0.0,1
2026-08-28 05:52:19,6,40001,2,0.0,1
2026-08-28 05:52:20,6,40001,2,1.0,1
2026-08-28 05:52:20,6,40001,2,0.0,1
2026-08-28 05:52:20,6,40001,2,0.0,1
2026-08-28 05:52:21,6,40001,2,1.0,1
2026-08-28 05:52:21,6,40001,2,0.0,1
2026-08-28 05:52:21,6,40001,2,0.0,1
2026-08-28 05:52:22,6,40001,2,1.0,1
2026-08-28 05:52:22,6,40001,2,0.0,1
2026-08-28 05:52:22,6,40001,2,0.0,1
2026-08-28 05:52:23,6,40001,2,1.0,1
2026-08-28 05:52:23,6,40001,2,0.0,1
2026-08-28 05:52:24,6,40001,2,1.0,1
2026-08-28 05:52:24,6,40001,2,0.0,1
2026-08-28 05:52:24,6,40001,2,0.0,1
2026-08-28 05:52:25,6,40001,2,1.0,1
2026-08-28 05:52:25,6,40001,2,0.0,1
2026-08-28 05:52:25,6,40001,2,0.0,1
2026-08-28 05:52:25,6,40001,2,0.0,1
2026-08-28 05:52:26,6,40001,2,1.0,1
2026-08-28 05:52:26,6,40001,2,0.0,1
2026-08-28 05:52:26,6,40001,2,0.0,1
2026-08-28 05:52:27,6,40001,2,1.0,1
2026-08-28 05:52:27,6,40001,2,0.0,1
2026-08-28 05:52:27,6,40001,2,0.0,1
2026-08-28 05:52:28,6,40001,2,1.0,1
2026-08-28 05:52:28,6,40001,2,0.0,1
2026-08-28 05:52:28,6,40001,2,0.0,1
2026-08-28 05:52:29,6,40001,2,1.0,1
2026-08-28 05:52:29,6,40001,2,0.0,1
2026-08-28 05:52:29,6,40001,2,0.0,1
2026-08-28 05:52:30,6,40001,2,1.0,1
2026-08-28 05:52:30,6,40001,2,0.0,1
2026-08-28 05:52:30,6,40001,2,0.0,1
2026-08-28 05:52:30,6,40001,2,0.0,1
2026-08-28 05:52:31,6,40001,2,1.0,1
2026-08-28 05:52:31,6,40001,2,0.0,1
2026-08-28 05:52:31,6,40001,2,0.0,1
2026-08-28 05:52:32,6,40001,2,1.0,1
2026-08-28 05:52:32,6,40001,2,0.0,1
2026-08-28 05:52:32,6,40001,2,0.0,1
2026-08-28 05:52:33,6,40001,2,1.0,1
2026-08-28 05:52:33,6,40001,2,0.0,1
2026-08-28 05:52:33,6,40001,2,0.0,1
2026-08-28 05:52:34,6,40001,2,1.0,1
2026-08-28 05:52:34,6,40001,2,0.0,1
2026-08-28 05:52:34,6,40001,2,0.0,1
2026-08-28 05:52:34,6,40001,2,0.0,1
2026-08-28 05:52:35,6,40001,2,1.0,1
2026-08-28 05:52:35,6,40001,2,0.0,1
2026-08-28 05:52:36,6,40001,2,1.0,1
2026-08-28 05:52:36,6,40001,2,0.0,1
2026-08-28 05:52:36,6,40001,2,0.0,1
2026-08-28 05:52:37,6,40001,2,1.0,1
2026-08-28 05:52:37,6,40001,2,0.0,1
2026-08-28 05:52:37,6,40001,2,0.0,1
2026-08-28 05:52:38,6,40001,2,1.0,1
2026-08-28 05:52:38,6,40001,2,0.0,1
2026-08-28 05:52:38,6,40001,2,0.0,1
2026-08-28 05:52:39,6,40001,2,1.0,1
2026-08-28 05:52:39,6,40001,2,0.0,1
2026-08-28 05:52:39,6,40001,2,0.0,1
2026-08-28 05:52:39,6,40001,2,0.0,1
2026-08-28 05:52:40,6,40001,2,1.0,1
2026-08-28 05:52:40,6,40001,2,0.0,1
2026-08-28 05:52:40,6,40001,2,0.0,1
2026-08-28 05:52:41,6,40001,2,1.0,1
2026-08-28 05:52:41,6,40001,2,0.0,1
2026-08-28 05:52:41,6,40001,2,0.0,1
2026-08-28 05:52:42,6,40001,2,1.0,1
2026-08-28 05:52:42,6,40001,2,0.0,1
2026-08-28 05:52:42,6,40001,2,0.0,1
2026-08-28 05:52:43,6,40001,2,1.0,1
2026-08-28 05:52:43,6,40001,2,0.0,1
2026-08-28 05:52:43,6,40001,2,0.0,1
2026-08-28 05:52:43,6,40001,2,0.0,1
2026-08-28 05:52:44,6,40001,2,1.0,1
2026-08-28 05:52:44,6,40001,2,0.0,1
2026-08-28 05:52:44,6,40001,2,0.0,1
2026-08-28 05:52:45,6,40001,2,1.0,1
2026-08-28 05:52:45,6,40001,2,0.0,1
2026-08-28 05:52:45,6,40001,2,0.0,1
2026-08-28 05:52:46,6,40001,2,1.0,1
2026-08-28 05:52:46,6,40001,2,0.0,1
2026-08-28 05:52:46,6,40001,2,0.0,1
2026-08-28 05:52:47,6,40001,2,1.0,1
2026-08-28 05:52:47,6,40001,2,0.0,1
2026-08-28 05:52:47,6,40001,2,0.0,1
2026-08-28 05:52:48,6,40001,2,1.0,1
2026-08-28 05:52:48,6,40001,2,0.0,1
2026-08-28 05:52:48,6,40001,2,0.0,1
2026-08-28 05:52:48,6,40001,2,0.0,1
2026-08-28 05:52:49,6,40001,2,1.0,1
2026-08-28 05:52:49,6,40001,2,0.0,1
2026-08-28 05:52:49,6,40001,2,0.0,1
2026-08-28 05:52:50,6,40001,2,1.0,1
2026-08-28 05:52:50,6,40001,2,0.0,1
2026-08-28 05:52:50,6,40001,2,0.0,1
2026-08-28 05:52:51,6,40001,2,1.0,1
2026-08-28 05:52:51,6,40001,2,0.0,1
2026-08-28 05:52:51,6,40001,2,0.0,1
2026-08-28 05:52:52,6,40001,2,1.0,1
2026-08-28 05:52:52,6,40001,2,0.0,1
2026-08-28 05:52:52,6,40001,2,0.0,1
2026-08-28 05:52:52,6,40001,2,0.0,1
2026-08-28 05:52:53,6,40001,2,1.0,1
2026-08-28 05:52:53,6,40001,2,0.0,1
2026-08-28 05:52:53,6,40001,2,0.0,1
2026-08-28 05:52:54,6,40001,2,1.0,1
2026-08-28 05:52:54,6,40001,2,0.0,1
2026-08-28 05:52:54,6,40001,2,0.0,1
2026-08-28 05:52:55,6,40001,2,1.0,1
2026-08-28 05:52:55,6,40001,2,0.0,1
2026-08-28 05:52:55,6,40001,2,0.0,1
2026-08-28 05:52:56,6,40001,2,1.0,1
2026-08-28 05:52:56,6,40001,2,0.0,1
2026-08-28 05:52:56,6,40001,2,0.0,1
2026-08-28 05:52:57,6,40001,2,1.0,1
2026-08-28 05:52:57,6,40001,2,0.0,1
2026-08-28 05:52:57,6,40001,2,0.0,1
2026-08-28 05:52:58,6,40001,2,1.0,1
2026-08-28 05:52:58,6,40001,2,0.0,1
2026-08-28 05:52:58,6,40001,2,0.0,1
2026-08-28 05:52:59,6,40001,2,1.0,1
2026-08-28 05:52:59,6,40001,2,0.0,1
2026-08-28 05:53:00,6,40001,2,1.0,1
2026-08-28 05:53:00,6,40001,2,0.0,1
2026-08-28 05:53:00,6,40001,2,0.0,1
2026-08-28 05:53:01,6,40001,2,1.0,1
2026-08-28 05:53:01,6,40001,2,0.0,1
2026-08-28 05:53:01,6,40001,2,0.0,1
2026-08-28 05:53:02,6,40001,2,1.0,1
2026-08-28 05:53:02,6,40001,2,0.0,1
2026-08-28 05:53:02,6,40001,2,0.0,1
2026-08-28 05:53:03,6,40001,2,1.0,1
2026-08-28 05:53:03,6,40001,2,0.0,1
2026-08-28 05:53:03,6,40001,2,0.0,1
2026-08-28 05:53:04,6,40001,2,1.0,1
2026-08-28 05:53:04,6,40001,2,0.0,1
2026-08-28 05:53:04,6,40001,2,0.0,1
2026-08-28 05:53:05,6,40001,2,1.0,1
2026-08-28 05:53:05,6,40001,2,0.0,1
2026-08-28 05:53:05,6,40001,2,0.0,1
2026-08-28 05:53:05,6,40001,2,0.0,1
2026-08-28 05:53:06,6,40001,2,1.0,1
2026-08-28 05:53:06,6,40001,2,0.0,1
2026-08-28 05:53:06,6,40001,2,0.0,1
2026-08-28 05:53:07,6,40001,2,1.0,1
2026-08-28 05:53:07,6,40001,2,0.0,1
2026-08-28 05:53:07,6,40001,2,0.0,1
2026-08-28 05:53:08,6,40001,2,1.0,1
2026-08-28 05:53:08,6,40001,2,0.0,1
2026-08-28 05:53:08,6,40001,2,0.0,1
2026-08-28 05:53:09,6,40001,2,1.0,1
2026-08-28 05:53:09,6,40001,2,0.0,1
2026-08-28 05:53:09,6,40001,2,0.0,1
2026-08-28 05:53:09,6,40001,2,0.0,1
2026-08-28 05:53:10,6,40001,2,1.0,1
2026-08-28 05:53:10,6,40001,2,0.0,1
2026-08-28 05:53:10,6,40001,2,0.0,1
2026-08-28 05:53:11,6,40001,2,1.0,1
2026-08-28 05:53:11,6,40001,2,0.0,1
2026-08-28 05:53:11,6,40001,2,0.0,1
2026-08-28 05:53:12,6,40001,2,1.0,1
2026-08-28 05:53:12,6,40001,2,0.0,1
2026-08-28 05:53:12,6,40001,2,0.0,1
2026-08-28 05:53:13,6,40001,2,1.0,1
2026-08-28 05:53:13,6,40001,2,0.0,1
2026-08-28 05:53:13,6,40001,2,0.0,1
2026-08-28 05:53:13,6,40001,2,0.0,1
2026-08-28 05:53:14,6,40001,2,1.0,1
2026-08-28 05:53:14,6,40001,2,0.0,1
2026-08-28 05:53:14,6,40001,2,0.0,1
2026-08-28 05:53:15,6,40001,2,1.0,1
2026-08-28 05:53:15,6,40001,2,0.0,1
2026-08-28 05:53:16,6,40001,2,1.0,1
2026-08-28 05:53:17,6,40001,2,1.0,1
2026-08-28 05:53:17,6,40001,2,0.0,1
2026-08-28 05:53:18,6,40001,2,1.0,1
2026-08-28 05:53:18,6,40001,2,0.0,1
2026-08-28 05:53:18,6,40001,2,0.0,1
2026-08-28 05:53:18,6,40001,2,0.0,1
2026-08-28 05:53:19,6,40001,2,1.0,1
2026-08-28 05:53:19,6,40001,2,0.0,1
2026-08-28 05:53:19,6,40001,2,0.0,1
2026-08-28 05:53:20,6,40001,2,1.0,1
2026-08-28 05:53:20,6,40001,2,0.0,1
2026-08-28 05:53:20,6,40001,2,0.0,1
2026-08-28 05:53:21,6,40001,2,1.0,1
2026-08-28 05:53:21,6,40001,2,0.0,1
2026-08-28 05:53:21,6,40001,2,0.0,1
2026-08-28 05:53:21,6,40001,2,0.0,1
2026-08-28 05:53:22,6,40001,2,1.0,1
2026-08-28 05:53:22,6,40001,2,0.0,1
2026-08-28 05:53:22,6,40001,2,0.0,1
2026-08-28 05:53:23,6,40001,2,1.0,1
2026-08-28 05:53:23,6,40001,2,0.0,1
2026-08-28 05:53:23,6,40001,2,0.0,1
2026-08-28 05:53:24,6,40001,2,1.0,1
2026-08-28 05:53:24,6,40001,2,0.0,1
2026-08-28 05:53:24,6,40001,2,0.0,1
2026-08-28 05:53:25,6,40001,2,1.0,1
2026-08-28 05:53:25,6,40001,2,0.0,1
2026-08-28 05:53:25,6,40001,2,0.0,1
2026-08-28 05:53:26,6,40001,2,1.0,1
2026-08-28 05:53:26,6,40001,2,0.0,1
2026-08-28 05:53:26,6,40001,2,0.0,1
2026-08-28 05:53:26,6,40001,2,0.0,1
2026-08-28 05:53:27,6,40001,2,1.0,1
2026-08-28 05:53:27,6,40001,2,0.0,1
2026-08-28 05:53:27,6,40001,2,0.0,1
2026-08-28 05:53:28,6,40001,2,1.0,1
2026-08-28 05:53:28,6,40001,2,0.0,1
2026-08-28 05:53:28,6,40001,2,0.0,1
2026-08-28 05:53:29,6,40001,2,1.0,1
2026-08-28 05:53:29,6,40001,2,0.0,1
2026-08-28 05:53:29,6,40001,2,0.0,1
2026-08-28 05:53:30,6,40001,2,1.0,1
2026-08-28 05:53:30,6,40001,2,0.0,1
2026-08-28 05:53:30,6,40001,2,0.0,1
2026-08-28 05:53:30,6,40001,2,0.0,1
2026-08-28 05:53:31,6,40001,2,1.0,1
2026-08-28 05:53:31,6,40001,2,0.0,1
2026-08-28 05:53:31,6,40001,2,0.0,1
2026-08-28 05:53:32,6,40001,2,1.0,1
2026-08-28 05:53:32,6,40001,2,0.0,1
2026-08-28 05:53:32,6,40001,2,0.0,1
2026-08-28 05:53:33,6,40001,2,1.0,1
2026-08-28 05:53:33,6,40001,2,0.0,1
2026-08-28 05:53:33,6,40001,2,0.0,1
2026-08-28 05:53:34,6,40001,2,1.0,1
2026-08-28 05:53:34,6,40001,2,0.0,1
2026-08-28 05:53:34,6,40001,2,0.0,1
2026-08-28 05:53:34,6,40001,2,0.0,1
2026-08-28 05:53:35,6,40001,2,1.0,1
2026-08-28 05:53:35,6,40001,2,0.0,1
2026-08-28 05:53:35,6,40001,2,0.0,1
2026-08-28 05:53:36,6,40001,2,1.0,1
2026-08-28 05:53:36,6,40001,2,0.0,1
2026-08-28 05:53:36,6,40001,2,0.0,1
2026-08-28 05:53:37,6,40001,2,1.0,1
2026-08-28 05:53:37,6,40001,2,0.0,1
2026-08-28 05:53:37,6,40001,2,0.0,1
2026-08-28 05:53:38,6,40001,2,1.0,1
2026-08-28 05:53:38,6,40001,2,0.0,1
2026-08-28 05:53:38,6,40001,2,0.0,1
2026-08-28 05:53:38,6,40001,2,0.0,1
2026-08-28 05:53:39,6,40001,2,1.0,1
2026-08-28 05:53:39,6,40001,2,0.0,1
2026-08-28 05:53:39,6,40001,2,0.0,1
2026-08-28 05:53:40,6,40001,2,1.0,1
2026-08-28 05:53:40,6,40001,2,0.0,1
2026-08-28 05:53:40,6,40001,2,0.0,1
2026-08-28 05:53:41,6,40001,2,1.0,1
2026-08-28 05:53:41,6,40001,2,0.0,1
2026-08-28 05:53:41,6,40001,2,0.0,1
2026-08-28 05:53:42,6,40001,2,1.0,1
2026-08-28 05:53:42,6,40001,2,0.0,1
2026-08-28 05:53:42,6,40001,2,0.0,1
2026-08-28 05:53:43,6,40001,2,1.0,1
2026-08-28 05:53:43,6,40001,2,0.0,1
2026-08-28 05:53:43,6,40001,2,0.0,1
2026-08-28 05:53:44,6,40001,2,1.0,1
2026-08-28 05:53:44,6,40001,2,0.0,1
2026-08-28 05:53:44,6,40001,2,0.0,1
2026-08-28 05:53:45,6,40001,2,1.0,1
2026-08-28 05:53:45,6,40001,2,0.0,1
2026-08-28 05:53:45,6,40001,2,0.0,1
2026-08-28 05:53:46,6,40001,2,1.0,1
2026-08-28 05:53:46,6,40001,2,0.0,1
2026-08-28 05:53:46,6,40001,2,0.0,1
2026-08-28 05:53:46,6,40001,2,0.0,1
2026-08-28 05:53:47,6,40001,2,1.0,1
2026-08-28 05:53:47,6,40001,2,0.0,1
2026-08-28 05:53:47,6,40001,2,0.0,1
2026-08-28 05:53:48,6,40001,2,1.0,1
2026-08-28 05:53:48,6,40001,2,0.0,1
2026-08-28 05:53:48,6,40001,2,0.0,1
2026-08-28 05:53:49,6,40001,2,1.0,1
2026-08-28 05:53:49,6,40001,2,0.0,1
2026-08-28 05:53:49,6,40001,2,0.0,1
2026-08-28 05:53:50,6,40001,2,1.0,1
2026-08-28 05:53:50,6,40001,2,0.0,1
2026-08-28 05:53:50,6,40001,2,0.0,1
2026-08-28 05:53:51,6,40001,2,1.0,1
2026-08-28 05:53:51,6,40001,2,0.0,1
2026-08-28 05:53:51,6,40001,2,0.0,1
2026-08-28 05:53:51,6,40001,2,0.0,1
2026-08-28 05:53:52,6,40001,2,1.0,1
2026-08-28 05:53:52,6,40001,2,0.0,1
2026-08-28 05:53:52,6,40001,2,0.0,1
2026-08-28 05:53:53,6,40001,2,1.0,1
2026-08-28 05:53:53,6,40001,2,0.0,1
2026-08-28 05:53:53,6,40001,2,0.0,1
2026-08-28 05:53:54,6,40001,2,1.0,1
2026-08-28 05:53:54,6,40001,2,0.0,1
2026-08-28 05:53:54,6,40001,2,0.0,1
2026-08-28 05:53:54,6,40001,2,0.0,1
2026-08-28 05:53:55,6,40001,2,1.0,1
2026-08-28 05:53:55,6,40001,2,0.0,1
2026-08-28 05:53:55,6,40001,2,0.0,1
2026-08-28 05:53:56,6,40001,2,1.0,1
2026-08-28 05:53:56,6,40001,2,0.0,1
2026-08-28 05:53:56,6,40001,2,0.0,1
2026-08-28 05:53:57,6,40001,2,1.0,1
2026-08-28 05:53:57,6,40001,2,0.0,1
2026-08-28 05:53:57,6,40001,2,0.0,1
2026-08-28 05:53:58,6,40001,2,1.0,1
2026-08-28 05:53:58,6,40001,2,0.0,1
2026-08-28 05:53:58,6,40001,2,0.0,1
2026-08-28 05:53:58,6,40001,2,0.0,1
2026-08-28 05:53:59,6,40001,2,1.0,1
2026-08-28 05:53:59,6,40001,2,0.0,1
2026-08-28 05:53:59,6,40001,2,0.0,1
2026-08-28 05:54:00,6,40001,2,1.0,1
2026-08-28 05:54:00,6,40001,2,0.0,1
2026-08-28 05:54:00,6,40001,2,0.0,1
2026-08-28 05:54:01,6,40001,2,1.0,1
2026-08-28 05:54:01,6,40001,2,0.0,1
2026-08-28 05:54:01,6,40001,2,0.0,1
2026-08-28 05:54:02,6,40001,2,1.0,1
2026-08-28 05:54:02,6,40001,2,0.0,1
2026-08-28 05:54:02,6,40001,2,0.0,1
2026-08-28 05:54:03,6,40001,2,1.0,1
2026-08-28 05:54:03,6,40001,2,0.0,1
2026-08-28 05:54:03,6,40001,2,0.0,1
2026-08-28 05:54:04,6,40001,2,1.0,1
2026-08-28 05:54:04,6,40001,2,0.0,1
2026-08-28 05:54:04,6,40001,2,0.0,1
2026-08-28 05:54:05,6,40001,2,1.0,1
2026-08-28 05:54:05,6,40001,2,0.0,1
2026-08-28 05:54:05,6,40001,2,0.0,1
2026-08-28 05:54:06,6,40001,2,1.0,1
2026-08-28 05:54:06,6,40001,2,0.0,1
2026-08-28 05:54:06,6,40001,2,0.0,1
2026-08-28 05:54:07,6,40001,2,1.0,1
2026-08-28 05:54:07,6,40001,2,0.0,1
2026-08-28 05:54:08,6,40001,2,1.0,1
2026-08-28 05:54:08,6,40001,2,0.0,1
2026-08-28 05:54:09,6,40001,2,1.0,1
2026-08-28 05:54:09,6,40001,2,0.0,1
2026-08-28 05:54:10,6,40001,2,1.0,1
2026-08-28 05:54:10,6,40001,2,0.0,1
2026-08-28 05:54:11,6,40001,2,1.0,1
2026-08-28 05:54:11,6,40001,2,0.0,1
2026-08-28 05:54:11,6,40001,2,0.0,1
2026-08-28 05:54:12,6,40001,2,1.0,1
2026-08-28 05:54:12,6,40001,2,0.0,1
2026-08-28 05:54:12,6,40001,2,0.0,1
2026-08-28 05:54:13,6,40001,2,1.0,1
2026-08-28 05:54:13,6,40001,2,0.0,1
2026-08-28 05:54:13,6,40001,2,0.0,1
2026-08-28 05:54:14,6,40001,2,1.0,1
2026-08-28 05:54:14,6,40001,2,0.0,1
2026-08-28 05:54:14,6,40001,2,0.0,1
2026-08-28 05:54:15,6,40001,2,1.0,1
2026-08-28 05:54:15,6,40001,2,0.0,1
2026-08-28 05:54:15,6,40001,2,0.0,1
2026-08-28 05:54:16,6,40001,2,1.0,1
2026-08-28 05:54:16,6,40001,2,0.0,1
2026-08-28 05:54:16,6,40001,2,0.0,1
2026-08-28 05:54:16,6,40001,2,0.0,1
2026-08-28 05:54:17,6,40001,2,1.0,1
2026-08-28 05:54:17,6,40001,2,0.0,1
2026-08-28 05:54:17,6,40001,2,0.0,1
2026-08-28 05:54:18,6,40001,2,1.0,1
2026-08-28 05:54:18,6,40001,2,0.0,1
2026-08-28 05:54:18,6,40001,2,0.0,1
2026-08-28 05:54:19,6,40001,2,1.0,1
2026-08-28 05:54:19,6,40001,2,0.0,1
2026-08-28 05:54:19,6,40001,2,0.0,1
2026-08-28 05:54:20,6,40001,2,1.0,1
2026-08-28 05:54:20,6,40001,2,0.0,1
2026-08-28 05:54:20,6,40001,2,0.0,1
2026-08-28 05:54:21,6,40001,2,1.0,1
2026-08-28 05:54:21,6,40001,2,0.0,1
2026-08-28 05:54:21,6,40001,2,0.0,1
2026-08-28 05:54:21,6,40001,2,0.0,1
2026-08-28 05:54:22,6,40001,2,1.0,1
2026-08-28 05:54:22,6,40001,2,0.0,1
2026-08-28 05:54:22,6,40001,2,0.0,1
2026-08-28 05:54:23,6,40001,2,1.0,1
2026-08-28 05:54:23,6,40001,2,0.0,1
2026-08-28 05:54:23,6,40001,2,0.0,1
2026-08-28 05:54:24,6,40001,2,1.0,1
2026-08-28 05:54:24,6,40001,2,0.0,1
2026-08-28 05:54:25,6,40001,2,1.0,1
2026-08-28 05:54:25,6,40001,2,0.0,1
2026-08-28 05:54:25,6,40001,2,0.0,1
2026-08-28 05:54:26,6,40001,2,1.0,1
2026-08-28 05:54:26,6,40001,2,0.0,1
2026-08-28 05:54:26,6,40001,2,0.0,1
2026-08-28 05:54:26,6,40001,2,0.0,1
2026-08-28 05:54:27,6,40001,2,1.0,1
2026-08-28 05:54:27,6,40001,2,0.0,1
2026-08-28 05:54:27,6,40001,2,0.0,1
2026-08-28 05:54:28,6,40001,2,1.0,1
2026-08-28 05:54:28,6,40001,2,0.0,1
2026-08-28 05:54:28,6,40001,2,0.0,1
2026-08-28 05:54:29,6,40001,2,1.0,1
2026-08-28 05:54:29,6,40001,2,0.0,1
2026-08-28 05:54:29,6,40001,2,0.0,1
2026-08-28 05:54:30,6,40001,2,1.0,1
2026-08-28 05:54:30,6,40001,2,0.0,1
2026-08-28 05:54:30,6,40001,2,0.0,1
2026-08-28 05:54:30,6,40001,2,0.0,1
2026-08-28 05:54:31,6,40001,2,1.0,1
2026-08-28 05:54:31,6,40001,2,0.0,1
2026-08-28 05:54:31,6,40001,2,0.0,1
2026-08-28 05:54:32,6,40001,2,1.0,1
2026-08-28 05:54:32,6,40001,2,0.0,1
2026-08-28 05:54:32,6,40001,2,0.0,1
2026-08-28 05:54:33,6,40001,2,1.0,1
2026-08-28 05:54:33,6,40001,2,0.0,1
2026-08-28 05:54:33,6,40001,2,0.0,1
2026-08-28 05:54:34,6,40001,2,1.0,1
2026-08-28 05:54:34,6,40001,2,0.0,1
2026-08-28 05:54:34,6,40001,2,0.0,1
2026-08-28 05:54:34,6,40001,2,0.0,1
2026-08-28 05:54:35,6,40001,2,1.0,1
2026-08-28 05:54:35,6,40001,2,0.0,1
2026-08-28 05:54:35,6,40001,2,0.0,1
2026-08-28 05:54:36,6,40001,2,1.0,1
2026-08-28 05:54:36,6,40001,2,0.0,1
2026-08-28 05:54:36,6,40001,2,0.0,1
2026-08-28 05:54:37,6,40001,2,1.0,1
2026-08-28 05:54:37,6,40001,2,0.0,1
2026-08-28 05:54:37,6,40001,2,0.0,1
2026-08-28 05:54:38,6,40001,2,1.0,1
2026-08-28 05:54:38,6,40001,2,0.0,1
2026-08-28 05:54:38,6,40001,2,0.0,1
2026-08-28 05:54:38,6,40001,2,0.0,1
2026-08-28 05:54:39,6,40001,2,1.0,1
2026-08-28 05:54:39,6,40001,2,0.0,1
2026-08-28 05:54:39,6,40001,2,0.0,1
2026-08-28 05:54:40,6,40001,2,1.0,1
2026-08-28 05:54:40,6,40001,2,0.0,1
2026-08-28 05:54:40,6,40001,2,0.0,1
2026-08-28 05:54:41,6,40001,2,1.0,1
2026-08-28 05:54:41,6,40001,2,0.0,1
2026-08-28 05:54:41,6,40001,2,0.0,1
2026-08-28 05:54:42,6,40001,2,1.0,1
2026-08-28 05:54:42,6,40001,2,0.0,1
2026-08-28 05:54:42,6,40001,2,0.0,1
2026-08-28 05:54:42,6,40001,2,0.0,1
2026-08-28 05:54:43,6,40001,2,1.0,1
2026-08-28 05:54:43,6,40001,2,0.0,1
2026-08-28 05:54:43,6,40001,2,0.0,1
2026-08-28 05:54:44,6,40001,2,1.0,1
2026-08-28 05:54:44,6,40001,2,0.0,1
2026-08-28 05:54:44,6,40001,2,0.0,1
2026-08-28 05:54:45,6,40001,2,1.0,1
2026-08-28 05:54:45,6,40001,2,0.0,1
2026-08-28 05:54:45,6,40001,2,0.0,1
2026-08-28 05:54:46,6,40001,2,1.0,1
2026-08-28 05:54:46,6,40001,2,0.0,1
2026-08-28 05:54:46,6,40001,2,0.0,1
2026-08-28 05:54:46,6,40001,2,0.0,1
2026-08-28 05:54:47,6,40001,2,1.0,1
2026-08-28 05:54:47,6,40001,2,0.0,1
2026-08-28 05:54:47,6,40001,2,0.0,1
2026-08-28 05:54:48,6,40001,2,1.0,1
2026-08-28 05:54:48,6,40001,2,0.0,1
2026-08-28 05:54:48,6,40001,2,0.0,1
2026-08-28 05:54:49,6,40001,2,1.0,1
2026-08-28 05:54:49,6,40001,2,0.0,1
2026-08-28 05:54:49,6,40001,2,0.0,1
2026-08-28 05:54:50,6,40001,2,1.0,1
2026-08-28 05:54:50,6,40001,2,0.0,1
2026-08-28 05:54:50,6,40001,2,0.0,1
2026-08-28 05:54:50,6,40001,2,0.0,1
2026-08-28 05:54:51,6,40001,2,1.0,1
2026-08-28 05:54:51,6,40001,2,0.0,1
2026-08-28 05:54:51,6,40001,2,0.0,1
2026-08-28 05:54:52,6,40001,2,1.0,1
2026-08-28 05:54:52,6,40001,2,0.0,1
2026-08-28 05:54:52,6,40001,2,0.0,1
2026-08-28 05:54:53,6,40001,2,1.0,1
2026-08-28 05:54:53,6,40001,2,0.0,1
2026-08-28 05:54:53,6,40001,2,0.0,1
2026-08-28 05:54:54,6,40001,2,1.0,1
2026-08-28 05:54:54,6,40001,2,0.0,1
2026-08-28 05:54:54,6,40001,2,0.0,1
2026-08-28 05:54:54,6,40001,2,0.0,1
2026-08-28 05:54:55,6,40001,2,1.0,1
2026-08-28 05:54:55,6,40001,2,0.0,1
2026-08-28 05:54:55,6,40001,2,0.0,1
2026-08-28 05:54:56,6,40001,2,1.0,1
2026-08-28 05:54:56,6,40001,2,0.0,1
2026-08-28 05:54:56,6,40001,2,0.0,1
2026-08-28 05:54:57,6,40001,2,1.0,1
2026-08-28 05:54:57,6,40001,2,0.0,1
2026-08-28 05:54:57,6,40001,2,0.0,1
2026-08-28 05:54:58,6,40001,2,1.0,1
2026-08-28 05:54:58,6,40001,2,0.0,1
2026-08-28 05:54:58,6,40001,2,0.0,1
2026-08-28 05:54:59,6,40001,2,1.0,1
2026-08-28 05:54:59,6,40001,2,0.0,1
2026-08-28 05:54:59,6,40001,2,0.0,1
2026-08-28 05:55:00,6,40001,2,1.0,1
2026-08-28 05:55:00,6,40001,2,0.0,1
2026-08-28 05:55:00,6,40001,2,0.0,1
2026-08-28 05:55:01,6,40001,2,1.0,1
2026-08-28 05:55:01,6,40001,2,0.0,1
2026-08-28 05:55:01,6,40001,2,0.0,1
2026-08-28 05:55:02,6,40001,2,1.0,1
2026-08-28 05:55:02,6,40001,2,0.0,1
2026-08-28 05:55:02,6,40001,2,0.0,1
2026-08-28 05:55:03,6,40001,2,1.0,1
2026-08-28 05:55:03,6,40001,2,0.0,1
2026-08-28 05:55:03,6,40001,2,0.0,1
2026-08-28 05:55:04,6,40001,2,1.0,1
2026-08-28 05:55:04,6,40001,2,0.0,1
2026-08-28 05:55:04,6,40001,2,0.0,1
2026-08-28 05:55:04,6,40001,2,0.0,1
2026-08-28 05:55:05,6,40001,2,1.0,1
2026-08-28 05:55:05,6,40001,2,0.0,1
2026-08-28 05:55:05,6,40001,2,0.0,1
2026-08-28 05:55:06,6,40001,2,1.0,1
2026-08-28 05:55:06,6,40001,2,0.0,1
2026-08-28 05:55:06,6,40001,2,0.0,1
2026-08-28 05:55:07,6,40001,2,1.0,1
2026-08-28 05:55:07,6,40001,2,0.0,1
2026-08-28 05:55:07,6,40001,2,0.0,1
2026-08-28 05:55:08,6,40001,2,1.0,1
2026-08-28 05:55:08,6,40001,2,0.0,1
2026-08-28 05:55:08,6,40001,2,0.0,1
2026-08-28 05:55:09,6,40001,2,1.0,1
2026-08-28 05:55:09,6,40001,2,0.0,1
2026-08-28 05:55:09,6,40001,2,0.0,1
2026-08-28 05:55:10,6,40001,2,1.0,1
2026-08-28 05:55:10,6,40001,2,0.0,1
2026-08-28 05:55:10,6,40001,2,0.0,1
2026-08-28 05:55:10,6,40001,2,0.0,1
2026-08-28 05:55:11,6,40001,2,1.0,1
2026-08-28 05:55:11,6,40001,2,0.0,1
2026-08-28 05:55:11,6,40001,2,0.0,1
2026-08-28 05:55:12,6,40001,2,1.0,1
2026-08-28 05:55:12,6,40001,2,0.0,1
2026-08-28 05:55:12,6,40001,2,0.0,1
2026-08-28 05:55:13,6,40001,2,1.0,1
2026-08-28 05:55:13,6,40001,2,0.0,1
2026-08-28 05:55:13,6,40001,2,0.0,1
2026-08-28 05:55:14,6,40001,2,1.0,1
2026-08-28 05:55:14,6,40001,2,0.0,1
2026-08-28 05:55:14,6,40001,2,0.0,1
2026-08-28 05:55:15,6,40001,2,1.0,1
2026-08-28 05:55:15,6,40001,2,0.0,1
2026-08-28 05:55:15,6,40001,2,0.0,1
2026-08-28 05:55:16,6,40001,2,1.0,1
2026-08-28 05:55:16,6,40001,2,0.0,1
2026-08-28 05:55:16,6,40001,2,0.0,1
2026-08-28 05:55:16,6,40001,2,0.0,1
2026-08-28 05:55:17,6,40001,2,1.0,1
2026-08-28 05:55:17,6,40001,2,0.0,1
2026-08-28 05:55:17,6,40001,2,0.0,1
2026-08-28 05:55:18,6,40001,2,1.0,1
